"GEO_ID","NAME","B08303_001E","B08303_001M","B08303_002E","B08303_002M","B08303_003E","B08303_003M","B08303_004E","B08303_004M","B08303_005E","B08303_005M","B08303_006E","B08303_006M","B08303_007E","B08303_007M","B08303_008E","B08303_008M","B08303_009E","B08303_009M","B08303_010E","B08303_010M","B08303_011E","B08303_011M","B08303_012E","B08303_012M","B08303_013E","B08303_013M",
"Geography","Geographic Area Name","Estimate!!Total:","Margin of Error!!Total:","Estimate!!Total:!!Less than 5 minutes","Margin of Error!!Total:!!Less than 5 minutes","Estimate!!Total:!!5 to 9 minutes","Margin of Error!!Total:!!5 to 9 minutes","Estimate!!Total:!!10 to 14 minutes","Margin of Error!!Total:!!10 to 14 minutes","Estimate!!Total:!!15 to 19 minutes","Margin of Error!!Total:!!15 to 19 minutes","Estimate!!Total:!!20 to 24 minutes","Margin of Error!!Total:!!20 to 24 minutes","Estimate!!Total:!!25 to 29 minutes","Margin of Error!!Total:!!25 to 29 minutes","Estimate!!Total:!!30 to 34 minutes","Margin of Error!!Total:!!30 to 34 minutes","Estimate!!Total:!!35 to 39 minutes","Margin of Error!!Total:!!35 to 39 minutes","Estimate!!Total:!!40 to 44 minutes","Margin of Error!!Total:!!40 to 44 minutes","Estimate!!Total:!!45 to 59 minutes","Margin of Error!!Total:!!45 to 59 minutes","Estimate!!Total:!!60 to 89 minutes","Margin of Error!!Total:!!60 to 89 minutes","Estimate!!Total:!!90 or more minutes","Margin of Error!!Total:!!90 or more minutes",
"860Z200US06390","ZCTA5 06390","30","31","9","14","11","15","10","12","0","13","0","13","0","13","0","13","0","13","0","13","0","13","0","13","0","13",
"860Z200US10001","ZCTA5 10001","13186","1217","335","150","293","152","1016","289","1572","396","3017","571","1354","336","2926","666","620","297","703","212","585","202","621","261","144","75",
"860Z200US10002","ZCTA5 10002","28805","1723","395","188","664","195","1506","394","3417","728","3680","604","2337","498","6927","710","922","277","2128","453","3639","667","2383","584","807","226",
"860Z200US10003","ZCTA5 10003","24178","1717","706","189","1376","326","3249","567","3674","839","5068","685","2327","427","3781","540","1121","379","379","166","1103","333","1017","304","377","336",
"860Z200US10004","ZCTA5 10004","2377","558","90","99","77","48","405","345","211","137","214","87","228","196","614","264","207","112","125","106","67","72","107","112","32","32",
"860Z200US10005","ZCTA5 10005","5939","743","43","53","586","314","545","281","605","217","1184","367","679","263","1340","416","120","126","339","291","178","129","250","180","70","80",
"860Z200US10006","ZCTA5 10006","2070","346","37","58","67","52","346","147","253","120","209","117","228","126","308","144","133","109","112","107","44","43","220","172","113","71",
"860Z200US10007","ZCTA5 10007","3409","616","0","19","164","153","254","148","469","269","940","301","410","207","775","335","51","61","82","80","92","85","160","123","12","20",
"860Z200US10009","ZCTA5 10009","24252","1810","651","323","687","422","1117","316","2139","497","2982","657","1971","623","6410","996","1596","480","1711","542","2706","626","1690","525","592","287",
"860Z200US10010","ZCTA5 10010","13861","1218","307","168","597","228","961","237","2046","400","2523","536","1374","488","3035","698","433","210","735","400","570","194","853","576","427","200",
"860Z200US10011","ZCTA5 10011","24163","1679","784","478","1362","404","2372","485","4241","657","4889","774","2744","569","3847","743","1233","502","887","294","885","326","693","274","226","147",
"860Z200US10012","ZCTA5 10012","10510","949","302","182","995","256","1121","312","1873","600","2086","461","847","232","1738","337","321","191","508","209","274","145","236","137","209","118",
"860Z200US10013","ZCTA5 10013","12081","1234","246","126","633","261","1015","264","1856","494","2225","394","1139","279","2153","642","671","192","856","550","597","228","544","177","146","73",
"860Z200US10014","ZCTA5 10014","14825","1289","183","121","563","244","925","321","1812","384","3967","1029","2119","425","2816","440","324","134","363","183","867","274","682","304","204","116",
"860Z200US10016","ZCTA5 10016","29119","1779","435","209","1889","472","3130","653","4122","627","7100","906","2523","558","4685","813","605","258","1113","340","1982","577","929","364","606","233",
"860Z200US10017","ZCTA5 10017","7673","1029","112","102","467","242","666","262","1367","540","1674","508","493","262","864","361","621","488","250","178","728","334","261","131","170","135",
"860Z200US10018","ZCTA5 10018","4606","490","0","19","145","110","455","191","609","222","1169","262","471","145","809","223","161","104","202","116","150","70","333","212","102","69",
"860Z200US10019","ZCTA5 10019","20601","1499","350","223","1177","558","1244","324","2947","537","4304","812","1825","422","3715","744","888","408","893","318","1822","538","1075","345","361","182",
"860Z200US10020","ZCTA5 10020","0","13","0","13","0","13","0","13","0","13","0","13","0","13","0","13","0","13","0","13","0","13","0","13","0","13",
"860Z200US10021","ZCTA5 10021","17081","1337","257","176","894","304","1325","401","1933","722","3180","620","1237","395","3782","731","601","276","1047","364","1531","465","669","235","625","298",
"860Z200US10022","ZCTA5 10022","14273","1379","402","169","641","248","2320","560","2326","560","1887","381","1223","400","2109","439","399","188","786","213","986","319","873","535","321","199",
"860Z200US10023","ZCTA5 10023","26609","1850","268","154","972","359","1549","460","2842","680","5137","829","2785","517","7154","1139","1490","504","1414","541","1504","426","955","321","539","185",
"860Z200US10024","ZCTA5 10024","23891","2339","98","87","630","280","798","235","1942","486","3581","831","2465","567","6205","769","1957","730","1966","420","2380","464","1594","918","275","185",
"860Z200US10025","ZCTA5 10025","37278","2109","411","238","1325","320","1737","360","2558","612","4164","742","4112","764","8949","932","2241","476","3297","631","4615","781","2281","478","1588","589",
"860Z200US10026","ZCTA5 10026","15740","1275","96","82","488","192","574","205","998","278","1362","374","1023","269","4428","916","1194","322","1172","275","2679","439","1039","335","687","573",
"860Z200US10027","ZCTA5 10027","23555","1684","344","111","1817","357","1994","411","1547","346","2007","464","1488","447","4747","899","1187","318","1859","400","4217","669","1846","434","502","211",
"860Z200US10028","ZCTA5 10028","20572","1727","215","148","459","350","1184","429","2122","437","3000","741","2005","362","5143","921","948","287","2255","658","1936","355","788","260","517","284",
"860Z200US10029","ZCTA5 10029","26197","2073","344","200","1263","290","1555","519","1540","466","1790","361","2210","803","5766","756","1659","459","2495","448","4238","813","2541","520","796","216",
"860Z200US10030","ZCTA5 10030","12530","1105","30","40","364","197","540","202","357","136","874","207","832","394","2499","439","487","205","1406","443","3000","506","1669","451","472","190",
"860Z200US10031","ZCTA5 10031","26506","1589","116","88","933","455","978","309","1263","366","1923","444","1258","270","5134","862","1798","501","3531","701","5123","649","3519","558","930","290",
"860Z200US10032","ZCTA5 10032","24579","2032","194","107","1272","465","1329","403","1207","377","2340","731","852","402","3331","707","1154","404","2072","515","5322","941","4215","676","1291","466",
"860Z200US10033","ZCTA5 10033","24810","2181","578","513","762","336","965","328","1250","326","1220","370","1157","466","3811","723","1099","319","2621","697","5382","727","4539","679","1426","510",
"860Z200US10034","ZCTA5 10034","17236","1500","207","163","474","229","453","165","502","193","1031","301","540","267","2120","447","475","209","1719","404","4661","699","3643","771","1411","635",
"860Z200US10035","ZCTA5 10035","12539","1182","71","57","272","204","589","217","550","168","862","268","567","258","2910","564","373","138","1496","409","3075","615","1357","321","417","169",
"860Z200US10036","ZCTA5 10036","16085","1390","106","98","693","276","802","273","1910","580","3258","608","2146","516","2669","667","715","291","1069","340","1456","512","989","291","272","130",
"860Z200US10037","ZCTA5 10037","6334","568","30","36","179","136","299","138","199","99","481","219","211","149","1392","293","215","99","656","230","1748","367","737","280","187","114",
"860Z200US10038","ZCTA5 10038","9683","923","110","90","398","161","1347","451","1271","278","1563","401","966","244","2189","391","288","211","531","220","487","164","354","153","179","96",
"860Z200US10039","ZCTA5 10039","10258","1043","78","106","57","64","580","307","422","257","770","311","319","176","1664","399","619","268","1372","496","2025","468","2084","579","268","135",
"860Z200US10040","ZCTA5 10040","17098","1286","273","151","504","210","812","293","1089","368","2047","490","582","197","1799","468","641","272","1475","415","4353","551","2772","408","751","337",
"860Z200US10044","ZCTA5 10044","4366","556","121","193","88","55","6","10","157","100","413","145","336","144","1461","249","149","74","500","211","626","222","409","224","100","64",
"860Z200US10065","ZCTA5 10065","13841","1461","184","80","1219","363","1426","313","1948","621","2500","546","1340","469","2335","532","377","188","865","392","826","266","531","177","290","211",
"860Z200US10069","ZCTA5 10069","2795","670","0","19","41","66","199","193","167","107","180","131","352","291","985","470","140","210","218","133","382","296","131","160","0","19",
"860Z200US10075","ZCTA5 10075","10825","1320","170","151","186","224","1465","630","980","445","1615","480","808","381","2312","577","866","413","539","187","1144","480","571","279","169","189",
"860Z200US10103","ZCTA5 10103","0","13","0","13","0","13","0","13","0","13","0","13","0","13","0","13","0","13","0","13","0","13","0","13","0","13",
"860Z200US10110","ZCTA5 10110","0","13","0","13","0","13","0","13","0","13","0","13","0","13","0","13","0","13","0","13","0","13","0","13","0","13",
"860Z200US10111","ZCTA5 10111","0","13","0","13","0","13","0","13","0","13","0","13","0","13","0","13","0","13","0","13","0","13","0","13","0","13",
"860Z200US10112","ZCTA5 10112","0","13","0","13","0","13","0","13","0","13","0","13","0","13","0","13","0","13","0","13","0","13","0","13","0","13",
"860Z200US10115","ZCTA5 10115","0","13","0","13","0","13","0","13","0","13","0","13","0","13","0","13","0","13","0","13","0","13","0","13","0","13",
"860Z200US10119","ZCTA5 10119","0","13","0","13","0","13","0","13","0","13","0","13","0","13","0","13","0","13","0","13","0","13","0","13","0","13",
"860Z200US10128","ZCTA5 10128","23370","1578","298","170","656","258","679","257","1885","335","3144","520","2717","515","5822","842","1718","533","1466","344","2560","549","1700","416","725","374",
"860Z200US10152","ZCTA5 10152","0","13","0","13","0","13","0","13","0","13","0","13","0","13","0","13","0","13","0","13","0","13","0","13","0","13",
"860Z200US10153","ZCTA5 10153","0","13","0","13","0","13","0","13","0","13","0","13","0","13","0","13","0","13","0","13","0","13","0","13","0","13",
"860Z200US10154","ZCTA5 10154","0","13","0","13","0","13","0","13","0","13","0","13","0","13","0","13","0","13","0","13","0","13","0","13","0","13",
"860Z200US10162","ZCTA5 10162","441","284","26","99","19","33","0","13","0","13","128","114","47","65","29","50","96","151","96","119","0","13","0","13","0","13",
"860Z200US10165","ZCTA5 10165","0","13","0","13","0","13","0","13","0","13","0","13","0","13","0","13","0","13","0","13","0","13","0","13","0","13",
"860Z200US10167","ZCTA5 10167","0","13","0","13","0","13","0","13","0","13","0","13","0","13","0","13","0","13","0","13","0","13","0","13","0","13",
"860Z200US10168","ZCTA5 10168","0","13","0","13","0","13","0","13","0","13","0","13","0","13","0","13","0","13","0","13","0","13","0","13","0","13",
"860Z200US10169","ZCTA5 10169","0","13","0","13","0","13","0","13","0","13","0","13","0","13","0","13","0","13","0","13","0","13","0","13","0","13",
"860Z200US10170","ZCTA5 10170","0","13","0","13","0","13","0","13","0","13","0","13","0","13","0","13","0","13","0","13","0","13","0","13","0","13",
"860Z200US10171","ZCTA5 10171","0","13","0","13","0","13","0","13","0","13","0","13","0","13","0","13","0","13","0","13","0","13","0","13","0","13",
"860Z200US10172","ZCTA5 10172","0","13","0","13","0","13","0","13","0","13","0","13","0","13","0","13","0","13","0","13","0","13","0","13","0","13",
"860Z200US10173","ZCTA5 10173","0","13","0","13","0","13","0","13","0","13","0","13","0","13","0","13","0","13","0","13","0","13","0","13","0","13",
"860Z200US10174","ZCTA5 10174","0","13","0","13","0","13","0","13","0","13","0","13","0","13","0","13","0","13","0","13","0","13","0","13","0","13",
"860Z200US10177","ZCTA5 10177","0","13","0","13","0","13","0","13","0","13","0","13","0","13","0","13","0","13","0","13","0","13","0","13","0","13",
"860Z200US10199","ZCTA5 10199","0","13","0","13","0","13","0","13","0","13","0","13","0","13","0","13","0","13","0","13","0","13","0","13","0","13",
"860Z200US10271","ZCTA5 10271","0","13","0","13","0","13","0","13","0","13","0","13","0","13","0","13","0","13","0","13","0","13","0","13","0","13",
"860Z200US10278","ZCTA5 10278","0","13","0","13","0","13","0","13","0","13","0","13","0","13","0","13","0","13","0","13","0","13","0","13","0","13",
"860Z200US10279","ZCTA5 10279","61","71","0","13","0","13","16","26","0","13","45","68","0","13","0","13","0","13","0","13","0","13","0","13","0","13",
"860Z200US10280","ZCTA5 10280","5075","1185","82","94","108","103","396","196","828","404","612","273","360","197","1213","563","597","321","375","246","373","239","78","97","53","66",
"860Z200US10282","ZCTA5 10282","2991","619","38","41","164","99","68","64","430","280","314","187","264","140","800","347","109","107","224","172","349","167","218","106","13","21",
"860Z200US10301","ZCTA5 10301","15995","1188","220","113","767","197","1071","284","1439","336","1504","377","995","318","1569","250","272","160","615","216","1671","404","3843","570","2029","412",
"860Z200US10302","ZCTA5 10302","6916","606","189","140","293","176","433","134","693","187","837","233","227","121","1025","295","251","200","199","107","651","191","1073","344","1045","308",
"860Z200US10303","ZCTA5 10303","11079","827","79","61","199","101","982","238","1032","240","1471","325","357","138","1430","348","103","77","509","221","1012","259","2019","307","1886","435",
"860Z200US10304","ZCTA5 10304","17963","1444","197","112","674","231","1169","358","1963","434","1877","477","719","262","1657","532","427","206","588","253","2171","518","4102","672","2419","496",
"860Z200US10305","ZCTA5 10305","18585","1295","414","332","1527","522","1213","367","1613","431","1509","297","416","166","1881","330","185","141","1169","362","2289","427","3891","588","2478","343",
"860Z200US10306","ZCTA5 10306","22212","1222","147","84","527","166","1187","302","2203","462","2665","530","864","307","2855","456","539","194","977","206","2636","477","4351","597","3261","545",
"860Z200US10307","ZCTA5 10307","6394","744","149","111","514","215","385","167","485","241","785","320","306","192","786","273","273","192","292","155","648","280","985","290","786","224",
"860Z200US10308","ZCTA5 10308","13148","1012","146","138","315","128","725","203","845","271","1336","340","1041","311","1579","466","412","181","417","159","1085","306","3027","676","2220","462",
"860Z200US10309","ZCTA5 10309","14202","1056","176","114","395","170","1276","437","752","216","1297","269","954","407","1694","408","163","92","621","193","1840","425","2700","487","2334","589",
"860Z200US10310","ZCTA5 10310","11188","1173","190","156","776","182","1157","357","1583","444","1078","231","349","184","1015","269","427","154","474","196","920","335","1813","312","1406","366",
"860Z200US10311","ZCTA5 10311","0","13","0","13","0","13","0","13","0","13","0","13","0","13","0","13","0","13","0","13","0","13","0","13","0","13",
"860Z200US10312","ZCTA5 10312","26440","1458","162","128","655","143","1920","434","2796","458","2724","579","1260","277","2913","454","577","170","1723","362","2910","588","5661","579","3139","459",
"860Z200US10314","ZCTA5 10314","38508","1530","496","230","1545","347","2977","490","4053","610","4101","560","1779","309","5055","628","964","268","1566","341","4099","577","7568","806","4305","539",
"860Z200US10451","ZCTA5 10451","17939","1689","205","141","571","246","931","314","1383","414","1453","400","441","360","2723","664","582","276","1605","473","3332","738","3502","617","1211","435",
"860Z200US10452","ZCTA5 10452","27540","1950","397","209","404","192","1127","357","1420","415","1781","396","761","280","4791","758","997","385","1674","442","5663","989","6021","865","2504","528",
"860Z200US10453","ZCTA5 10453","28353","1911","285","201","291","150","1014","367","1702","383","1643","390","1115","279","3652","578","1113","328","1743","500","7316","1037","6293","849","2186","454",
"860Z200US10454","ZCTA5 10454","13026","1344","351","372","491","172","482","180","673","253","1067","298","472","210","2387","474","281","136","874","329","2635","596","2652","449","661","299",
"860Z200US10455","ZCTA5 10455","14840","1122","235","210","315","182","792","381","547","215","1247","377","236","114","2278","645","576","202","1138","393","2558","519","3770","652","1148","362",
"860Z200US10456","ZCTA5 10456","29345","2129","548","266","488","221","1281","505","2396","685","2368","516","910","356","4663","816","787","298","2250","726","5154","811","6131","845","2369","505",
"860Z200US10457","ZCTA5 10457","27173","1769","641","252","573","200","1016","307","1440","391","1770","511","787","233","3271","484","874","361","1801","464","5530","656","7197","934","2273","458",
"860Z200US10458","ZCTA5 10458","29880","1812","371","195","1234","316","1674","389","1258","345","2373","581","735","234","4187","664","475","170","2119","602","4408","653","7760","897","3286","588",
"860Z200US10459","ZCTA5 10459","18524","1446","299","159","566","201","1166","416","1338","341","1652","464","497","231","2478","463","862","347","1680","344","2628","403","4111","672","1247","308",
"860Z200US10460","ZCTA5 10460","20611","1465","120","80","559","222","955","301","1554","348","1448","314","588","231","2439","486","284","133","1526","524","3709","647","5100","693","2329","511",
"860Z200US10461","ZCTA5 10461","21326","1415","122","91","787","233","1515","395","2267","439","1687","439","930","281","2068","322","357","174","1051","312","2792","468","6075","780","1675","339",
"860Z200US10462","ZCTA5 10462","31679","1435","342","189","605","172","1530","277","2187","370","1892","387","1177","294","3859","661","731","236","1830","318","5327","718","8793","762","3406","610",
"860Z200US10463","ZCTA5 10463","25920","1451","308","140","679","185","1053","317","1467","289","1881","276","1096","299","3077","423","793","340","1910","485","4794","704","6589","697","2273","535",
"860Z200US10464","ZCTA5 10464","1919","489","0","13","162","121","106","115","114","66","146","157","83","75","111","97","13","30","45","70","229","103","674","283","236","190",
"860Z200US10465","ZCTA5 10465","18510","1447","198","118","881","230","1022","252","1773","478","1594","342","971","274","2670","539","358","127","1271","389","2497","489","3471","582","1804","404",
"860Z200US10466","ZCTA5 10466","28104","1586","899","408","460","196","1133","360","2080","516","3342","594","1249","321","4047","766","812","274","1348","303","3575","700","5708","677","3451","576",
"860Z200US10467","ZCTA5 10467","38299","1843","849","298","1619","401","1396","302","2443","409","2790","529","1140","317","5393","619","867","207","2325","506","5578","608","9874","1129","4025","538",
"860Z200US10468","ZCTA5 10468","29675","1784","131","89","820","265","1322","427","1518","337","2062","447","780","309","3903","688","642","219","2160","478","5142","602","8244","1015","2951","601",
"860Z200US10469","ZCTA5 10469","29026","1888","190","137","784","257","1389","374","2527","616","2895","480","1247","338","3782","512","928","316","1234","304","4167","619","6719","788","3164","523",
"860Z200US10470","ZCTA5 10470","6861","725","120","115","224","132","191","105","298","120","696","240","325","148","1306","369","351","129","412","201","848","225","1395","297","695","295",
"860Z200US10471","ZCTA5 10471","7854","913","132","55","568","184","425","115","515","237","570","157","213","94","647","197","198","106","470","206","1426","291","1830","305","860","369",
"860Z200US10472","ZCTA5 10472","20948","1175","230","116","683","247","655","166","1443","353","1346","345","675","205","3365","470","323","134","1234","280","3157","482","6298","694","1539","377",
"860Z200US10473","ZCTA5 10473","22575","1498","245","145","287","118","1104","303","1622","412","2554","680","543","203","3178","746","378","155","1468","394","3590","866","5206","886","2400","512",
"860Z200US10474","ZCTA5 10474","4040","708","41","45","110","100","169","109","273","140","481","285","136","110","555","189","158","112","205","101","508","193","991","362","413","195",
"860Z200US10475","ZCTA5 10475","15371","1465","129","121","268","158","628","280","777","298","873","347","391","226","1754","452","506","279","765","344","2380","728","4471","801","2429","611",
"860Z200US10501","ZCTA5 10501","557","201","8","13","9","15","56","49","8","13","72","69","36","31","157","127","38","40","52","48","85","70","0","13","36","35",
"860Z200US10502","ZCTA5 10502","1974","233","25","27","55","33","162","64","425","147","220","71","164","81","187","81","48","41","89","49","235","81","251","98","113","48",
"860Z200US10503","ZCTA5 10503","45","59","0","13","0","13","0","13","16","27","5","10","0","13","0","13","0","13","0","13","0","13","0","13","24","30",
"860Z200US10504","ZCTA5 10504","2885","331","25","25","51","43","303","116","360","111","282","89","147","70","240","111","132","73","173","113","259","92","638","188","275","119",
"860Z200US10505","ZCTA5 10505","535","144","52","54","0","13","23","33","91","65","0","13","24","30","10","14","13","20","94","90","98","61","74","55","56","54",
"860Z200US10506","ZCTA5 10506","2287","406","100","60","35","32","178","81","212","128","229","88","225","99","199","100","77","43","122","74","150","71","488","350","272","126",
"860Z200US10507","ZCTA5 10507","2010","431","37","51","186","143","466","183","292","197","129","98","18","21","270","154","142","93","87","91","72","73","150","97","161","103",
"860Z200US10509","ZCTA5 10509","8977","699","219","98","720","270","1055","254","929","199","734","216","529","189","797","175","641","249","462","144","1356","289","807","212","728","210",
"860Z200US10510","ZCTA5 10510","4115","385","232","135","227","92","364","123","343","96","615","165","276","115","297","103","87","46","95","58","556","181","821","192","202","93",
"860Z200US10511","ZCTA5 10511","1055","158","26","21","82","45","96","62","90","47","38","24","31","27","128","64","81","37","39","31","224","66","164","78","56","45",
"860Z200US10512","ZCTA5 10512","10775","716","94","67","592","216","1100","268","998","216","680","194","443","160","1166","234","377","144","572","165","1899","291","1959","321","895","226",
"860Z200US10514","ZCTA5 10514","4461","634","75","71","237","119","480","196","666","308","420","144","199","111","311","154","90","61","158","129","314","134","956","232","555","218",
"860Z200US10516","ZCTA5 10516","2211","308","112","60","134","52","212","96","102","53","172","88","102","78","203","82","53","38","45","33","284","140","400","117","392","124",
"860Z200US10517","ZCTA5 10517","166","91","0","13","22","30","46","41","9","11","16","17","0","13","25","31","0","13","8","12","33","35","7","10","0","13",
"860Z200US10518","ZCTA5 10518","311","149","0","13","46","36","23","36","56","48","0","13","46","59","36","36","15","25","29","33","15","25","11","19","34","53",
"860Z200US10519","ZCTA5 10519","43","69","0","13","0","13","0","13","0","13","0","13","0","13","0","13","0","13","0","13","43","69","0","13","0","13",
"860Z200US10520","ZCTA5 10520","4628","543","51","44","233","70","319","123","376","117","596","232","278","100","441","158","133","64","153","76","489","142","998","267","561","163",
"860Z200US10522","ZCTA5 10522","4632","383","259","134","525","222","460","193","504","204","428","139","194","101","242","118","40","48","96","90","443","158","1160","280","281","153",
"860Z200US10523","ZCTA5 10523","4520","380","109","58","333","112","317","163","702","208","693","209","295","124","754","222","90","55","211","110","320","104","432","160","264","147",
"860Z200US10524","ZCTA5 10524","1711","225","57","40","121","77","221","84","95","46","68","44","95","64","228","71","38","32","54","40","352","132","192","82","190","94",
"860Z200US10526","ZCTA5 10526","657","184","7","12","0","13","35","27","93","63","65","53","43","37","91","59","74","50","63","69","67","62","26","28","93","66",
"860Z200US10527","ZCTA5 10527","290","162","0","13","0","13","48","32","0","13","30","45","8","12","73","96","39","35","25","26","16","17","26","35","25","29",
"860Z200US10528","ZCTA5 10528","5502","673","126","75","572","163","488","153","951","321","468","166","411","260","413","124","142","80","275","130","404","146","1061","328","191","92",
"860Z200US10530","ZCTA5 10530","5196","534","98","62","314","110","419","184","686","146","452","123","387","195","473","132","92","62","233","90","563","161","1115","251","364","130",
"860Z200US10532","ZCTA5 10532","2198","308","12","20","219","82","183","92","242","94","408","141","170","76","225","87","27","26","63","53","137","81","328","133","184","68",
"860Z200US10533","ZCTA5 10533","2715","349","202","276","226","113","177","100","151","103","171","101","158","91","262","126","71","58","43","40","321","157","692","245","241","108",
"860Z200US10535","ZCTA5 10535","154","129","0","13","0","13","0","13","110","90","0","13","20","39","6","35","0","13","0","13","18","28","0","13","0","13",
"860Z200US10536","ZCTA5 10536","3979","463","133","68","306","118","260","105","466","141","227","90","400","176","550","175","69","42","94","55","319","131","535","166","620","167",
"860Z200US10537","ZCTA5 10537","1545","370","25","37","0","13","79","61","65","62","162","143","0","13","277","149","14","25","21","34","561","217","111","72","230","93",
"860Z200US10538","ZCTA5 10538","6601","629","220","156","614","295","281","117","496","191","365","155","161","117","743","238","358","165","248","152","1152","258","1689","291","274","153",
"860Z200US10540","ZCTA5 10540","0","13","0","13","0","13","0","13","0","13","0","13","0","13","0","13","0","13","0","13","0","13","0","13","0","13",
"860Z200US10541","ZCTA5 10541","11948","784","206","89","509","187","976","248","1218","250","893","198","501","181","1662","447","650","196","821","219","2163","353","1628","275","721","210",
"860Z200US10542","ZCTA5 10542","0","13","0","13","0","13","0","13","0","13","0","13","0","13","0","13","0","13","0","13","0","13","0","13","0","13",
"860Z200US10543","ZCTA5 10543","8986","678","406","234","1044","492","1098","320","1212","283","772","296","246","117","935","290","227","120","389","139","969","255","1350","311","338","132",
"860Z200US10545","ZCTA5 10545","85","90","0","13","22","17","11","21","0","13","41","55","0","13","0","13","0","13","0","13","11","21","0","13","0","13",
"860Z200US10546","ZCTA5 10546","484","167","0","13","0","13","25","27","57","39","40","31","49","31","113","121","21","24","12","17","38","27","51","34","78","61",
"860Z200US10547","ZCTA5 10547","3632","649","0","19","115","66","436","196","405","179","212","100","304","188","543","253","204","141","317","147","452","181","400","233","244","181",
"860Z200US10548","ZCTA5 10548","1676","294","12","16","172","95","76","57","215","94","155","73","53","45","187","101","136","123","72","49","147","84","319","128","132","68",
"860Z200US10549","ZCTA5 10549","6010","607","240","148","627","227","607","212","454","188","482","174","578","202","749","287","151","89","300","147","522","178","705","188","595","206",
"860Z200US10550","ZCTA5 10550","17248","1269","251","114","622","260","1203","285","1628","447","2742","524","1457","405","2380","534","532","251","1048","399","1658","453","2435","417","1292","403",
"860Z200US10552","ZCTA5 10552","10333","970","183","143","376","134","853","400","1113","262","1076","216","721","310","1309","298","236","110","614","264","1285","267","2156","502","411","195",
"860Z200US10553","ZCTA5 10553","5333","906","56","52","530","323","549","282","653","283","532","278","35","43","785","228","166","166","391","181","607","230","617","270","412","262",
"860Z200US10560","ZCTA5 10560","1816","234","10","15","61","62","77","51","93","50","177","71","104","59","249","106","58","53","100","57","305","101","320","113","262","112",
"860Z200US10562","ZCTA5 10562","14567","954","218","112","1179","367","1139","330","1466","327","1932","344","1043","231","1961","351","275","142","497","152","1836","360","1679","341","1342","336",
"860Z200US10566","ZCTA5 10566","12218","722","209","156","1261","403","1079","312","1345","437","1129","348","257","110","984","280","194","121","1021","348","1754","373","1634","427","1351","463",
"860Z200US10567","ZCTA5 10567","8109","746","65","59","556","220","935","304","466","163","847","209","274","118","648","179","244","112","368","132","1397","254","1316","353","993","377",
"860Z200US10570","ZCTA5 10570","5329","550","230","118","527","247","643","215","635","210","861","280","219","135","620","176","110","62","156","79","307","115","498","168","523","298",
"860Z200US10573","ZCTA5 10573","17903","985","323","271","2585","610","2411","475","3257","446","2319","428","933","297","1770","380","333","166","391","120","1318","353","1845","441","418","140",
"860Z200US10576","ZCTA5 10576","1819","229","14","22","62","49","84","51","219","117","183","117","185","71","265","105","102","55","51","33","125","65","176","78","353","115",
"860Z200US10577","ZCTA5 10577","1861","296","139","85","329","99","293","120","262","98","134","74","141","115","36","37","0","19","27","42","90","49","320","163","90","65",
"860Z200US10578","ZCTA5 10578","863","569","0","13","14","22","13","22","485","551","167","141","23","25","59","54","39","46","16","25","0","13","14","22","33","41",
"860Z200US10579","ZCTA5 10579","3626","446","27","40","394","179","146","106","345","165","287","158","130","78","149","76","216","169","227","109","755","198","490","225","460","182",
"860Z200US10580","ZCTA5 10580","6251","437","158","81","797","228","368","109","690","181","456","128","333","172","225","100","173","81","241","93","631","181","1843","303","336","141",
"860Z200US10583","ZCTA5 10583","14892","1090","289","121","1138","375","895","209","1637","435","1179","254","711","207","1112","226","796","315","425","123","1894","346","3967","426","849","237",
"860Z200US10588","ZCTA5 10588","1570","631","16","27","29","35","78","72","93","85","559","462","90","98","83","65","54","36","53","87","263","275","136","113","116","94",
"860Z200US10589","ZCTA5 10589","2370","382","65","45","51","44","115","70","209","97","286","137","208","125","320","135","133","82","133","82","296","109","265","106","289","233",
"860Z200US10590","ZCTA5 10590","2987","346","77","53","153","114","256","124","262","123","243","134","272","112","477","188","152","89","219","107","358","130","249","98","269","119",
"860Z200US10591","ZCTA5 10591","10160","736","250","143","1088","384","956","264","1280","345","1298","321","499","229","1147","436","322","178","504","236","984","298","1295","331","537","239",
"860Z200US10594","ZCTA5 10594","2325","387","91","83","115","77","463","214","254","114","227","91","323","127","245","107","44","36","126","112","44","33","237","80","156","110",
"860Z200US10595","ZCTA5 10595","2058","262","35","34","217","76","382","144","292","115","270","92","78","48","237","113","33","31","58","40","161","78","240","93","55","39",
"860Z200US10596","ZCTA5 10596","392","177","1","2","26","41","41","37","59","59","56","57","0","13","70","59","29","41","0","13","33","53","61","62","16","25",
"860Z200US10597","ZCTA5 10597","184","90","0","13","0","13","0","13","0","13","5","10","27","29","53","47","38","31","0","13","13","22","30","37","18","30",
"860Z200US10598","ZCTA5 10598","11539","637","114","86","502","175","1065","234","950","269","1282","318","549","169","1698","347","497","132","571","158","1799","315","1461","270","1051","312",
"860Z200US10601","ZCTA5 10601","4765","501","109","94","328","151","662","206","857","230","531","204","191","109","387","140","200","132","129","75","521","191","551","150","299","142",
"860Z200US10603","ZCTA5 10603","8861","789","164","104","859","276","1170","273","1426","364","1413","289","558","236","677","206","223","105","649","397","605","243","802","190","315","163",
"860Z200US10604","ZCTA5 10604","4771","583","98","82","309","115","1030","332","900","233","670","236","212","124","332","154","80","60","60","63","354","140","592","288","134","71",
"860Z200US10605","ZCTA5 10605","7777","733","431","392","874","216","918","191","1106","270","902","224","624","293","751","234","147","99","491","304","354","106","931","296","248","116",
"860Z200US10606","ZCTA5 10606","7307","658","142","94","1117","304","956","183","1158","305","1057","219","406","155","773","282","201","110","327","156","418","190","602","159","150","65",
"860Z200US10607","ZCTA5 10607","3341","513","17","43","183","100","457","206","765","228","357","136","145","91","555","201","150","97","108","77","139","82","352","180","113","76",
"860Z200US10701","ZCTA5 10701","28006","1529","531","245","1275","358","2874","613","3295","529","3545","609","1542","357","4894","699","558","198","1519","490","3269","575","3242","493","1462","440",
"860Z200US10703","ZCTA5 10703","10038","1100","201","192","407","161","1284","371","1310","373","948","250","564","235","1788","453","255","159","702","300","1331","295","892","317","356","172",
"860Z200US10704","ZCTA5 10704","14241","1087","191","123","555","220","1394","316","2096","429","1747","398","771","246","2168","420","667","264","560","161","1336","309","1860","358","896","262",
"860Z200US10705","ZCTA5 10705","16798","1359","226","136","740","451","1084","276","1899","443","1820","371","739","270","3535","739","518","407","731","281","1530","353","2028","473","1948","593",
"860Z200US10706","ZCTA5 10706","3621","422","159","78","247","112","227","106","265","87","303","125","168","88","227","70","161","58","286","114","385","140","1072","373","121","51",
"860Z200US10707","ZCTA5 10707","4232","523","5","7","256","167","535","233","349","175","613","246","306","155","283","134","88","64","122","70","586","208","714","223","375","158",
"860Z200US10708","ZCTA5 10708","9248","826","210","83","586","176","827","208","933","310","959","210","220","81","927","216","263","116","432","108","1601","491","1903","309","387","150",
"860Z200US10709","ZCTA5 10709","3792","405","82","61","275","115","382","177","523","164","490","126","160","66","495","177","227","93","159","65","348","110","555","169","96","61",
"860Z200US10710","ZCTA5 10710","11898","993","130","92","802","240","801","349","1461","298","2011","509","799","204","1871","448","397","179","500","157","781","223","1613","344","732","224",
"860Z200US10801","ZCTA5 10801","18478","1159","415","171","1554","413","2180","530","2384","504","2205","434","1049","378","2393","516","735","237","817","286","1578","410","2306","398","862","276",
"860Z200US10803","ZCTA5 10803","4773","386","58","47","280","141","434","162","412","131","313","104","336","154","663","193","78","44","219","84","861","219","902","182","217","77",
"860Z200US10804","ZCTA5 10804","5450","663","125","90","152","81","472","196","756","218","692","213","293","122","533","188","228","158","129","75","533","212","1080","285","457","142",
"860Z200US10805","ZCTA5 10805","8914","1192","63","77","896","319","602","233","1172","446","1743","440","602","279","1592","414","379","218","206","145","574","239","684","225","401","165",
"860Z200US10901","ZCTA5 10901","10165","606","318","140","899","227","948","263","1658","422","1051","236","581","172","1401","305","329","128","246","101","934","215","1078","217","722","218",
"860Z200US10910","ZCTA5 10910","0","13","0","13","0","13","0","13","0","13","0","13","0","13","0","13","0","13","0","13","0","13","0","13","0","13",
"860Z200US10911","ZCTA5 10911","6","9","6","9","0","13","0","13","0","13","0","13","0","13","0","13","0","13","0","13","0","13","0","13","0","13",
"860Z200US10913","ZCTA5 10913","2290","440","72","49","104","56","283","129","355","202","120","79","90","59","313","122","96","73","104","69","227","101","282","125","244","87",
"860Z200US10914","ZCTA5 10914","76","76","0","13","0","13","0","13","13","24","0","13","5","17","58","75","0","13","0","13","0","13","0","13","0","13",
"860Z200US10915","ZCTA5 10915","0","13","0","13","0","13","0","13","0","13","0","13","0","13","0","13","0","13","0","13","0","13","0","13","0","13",
"860Z200US10916","ZCTA5 10916","1800","310","29","32","50","36","194","92","228","117","231","136","105","65","254","97","30","33","32","48","185","107","185","103","277","132",
"860Z200US10917","ZCTA5 10917","975","295","39","46","97","87","92","76","47","37","13","20","92","87","90","72","37","55","51","50","175","136","137","101","105","82",
"860Z200US10918","ZCTA5 10918","5391","739","47","46","539","329","675","252","419","163","674","339","227","255","409","217","48","48","199","131","524","203","1207","407","423","159",
"860Z200US10919","ZCTA5 10919","411","193","0","13","96","84","78","58","101","73","65","63","0","13","8","15","0","13","0","13","6","12","20","30","37","58",
"860Z200US10920","ZCTA5 10920","4178","580","18","30","372","129","593","142","713","286","439","131","226","112","372","121","135","86","214","101","454","150","421","128","221","92",
"860Z200US10921","ZCTA5 10921","2060","233","108","64","270","140","380","118","209","87","155","62","53","38","119","75","14","16","150","71","122","74","218","89","262","77",
"860Z200US10922","ZCTA5 10922","769","301","0","13","137","122","27","42","29","37","157","150","39","48","84","76","50","62","30","46","123","122","0","13","93","78",
"860Z200US10923","ZCTA5 10923","3853","468","9","15","247","159","726","278","445","182","608","212","189","112","491","172","24","27","204","150","353","144","219","112","338","157",
"860Z200US10924","ZCTA5 10924","5517","451","275","131","618","170","860","202","483","157","483","152","175","75","429","163","168","80","212","98","342","116","836","206","636","175",
"860Z200US10925","ZCTA5 10925","1879","374","0","13","97","94","43","52","66","65","210","138","99","101","324","163","106","71","206","120","256","142","227","101","245","104",
"860Z200US10926","ZCTA5 10926","1742","262","0","13","241","154","171","77","130","83","43","43","132","93","256","106","42","29","100","75","147","87","243","140","237","99",
"860Z200US10927","ZCTA5 10927","4950","392","67","48","576","205","418","164","399","152","701","245","421","163","1029","233","132","87","123","77","604","150","259","129","221","92",
"860Z200US10928","ZCTA5 10928","2476","355","139","72","437","162","766","287","151","94","124","67","128","91","190","108","125","69","38","41","262","131","65","47","51","48",
"860Z200US10930","ZCTA5 10930","4510","476","70","69","282","131","359","241","541","217","409","195","106","75","593","238","52","52","180","111","703","287","761","302","454","231",
"860Z200US10931","ZCTA5 10931","409","112","8","14","32","23","57","28","44","31","48","21","50","43","90","35","0","13","5","5","19","18","25","18","31","21",
"860Z200US10932","ZCTA5 10932","43","48","0","13","0","13","9","15","26","37","0","13","0","13","0","13","0","13","0","13","8","15","0","13","0","13",
"860Z200US10933","ZCTA5 10933","181","94","0","13","0","13","12","20","56","43","60","62","29","44","0","13","0","13","0","13","24","26","0","13","0","13",
"860Z200US10940","ZCTA5 10940","21922","1123","409","177","2421","514","2817","543","3385","533","3033","483","785","212","1861","343","611","313","479","199","2204","449","1446","356","2471","464",
"860Z200US10941","ZCTA5 10941","7195","631","282","171","1113","382","1415","328","1058","257","228","83","553","175","575","232","249","148","241","136","389","162","654","196","438","151",
"860Z200US10950","ZCTA5 10950","19265","963","539","229","2562","391","2784","365","2505","428","1372","347","692","222","1723","404","566","187","591","216","1425","324","2177","471","2329","434",
"860Z200US10952","ZCTA5 10952","12160","985","611","167","2566","463","1974","334","1823","391","1243","382","454","203","821","234","134","88","195","91","634","198","915","233","790","298",
"860Z200US10953","ZCTA5 10953","0","13","0","13","0","13","0","13","0","13","0","13","0","13","0","13","0","13","0","13","0","13","0","13","0","13",
"860Z200US10954","ZCTA5 10954","12215","1386","302","136","994","319","1761","325","1895","520","1454","343","392","186","1274","457","530","229","524","195","1338","342","1190","257","561","179",
"860Z200US10956","ZCTA5 10956","12509","818","233","108","853","200","1046","193","2334","324","1317","317","648","153","1247","250","225","82","775","251","1236","249","1640","261","955","206",
"860Z200US10958","ZCTA5 10958","1304","262","38","35","124","96","222","98","208","91","184","112","27","24","76","42","30","35","34","54","108","70","133","64","120","87",
"860Z200US10960","ZCTA5 10960","6199","671","217","133","659","210","678","173","892","239","826","362","124","63","479","119","299","147","274","135","646","279","770","242","335","122",
"860Z200US10962","ZCTA5 10962","2045","379","27","26","196","90","213","116","330","148","168","108","59","53","347","155","102","53","106","72","125","59","325","120","47","38",
"860Z200US10963","ZCTA5 10963","1229","230","25","17","92","42","72","50","270","97","75","40","37","23","182","100","3","4","36","34","185","158","102","73","150","97",
"860Z200US10964","ZCTA5 10964","753","260","9","14","120","73","135","101","121","80","27","26","57","75","57","46","49","47","26","38","94","72","30","26","28","29",
"860Z200US10965","ZCTA5 10965","6171","681","222","150","541","245","807","314","886","242","764","273","215","92","439","165","211","99","219","92","739","222","834","240","294","157",
"860Z200US10968","ZCTA5 10968","1300","299","68","106","74","51","119","85","72","55","117","98","61","51","149","80","51","49","106","130","144","61","176","85","163","142",
"860Z200US10969","ZCTA5 10969","501","163","40","46","9","14","109","72","62","53","13","16","10","17","21","28","0","13","25","29","38","50","93","65","81","72",
"860Z200US10970","ZCTA5 10970","4444","592","51","58","91","70","370","205","498","196","743","248","450","280","752","291","138","77","175","101","363","154","627","295","186","114",
"860Z200US10973","ZCTA5 10973","1240","284","25","29","149","138","121","62","170","105","190","135","69","69","118","113","10","15","59","58","67","53","129","90","133","59",
"860Z200US10974","ZCTA5 10974","1417","237","0","13","40","32","109","50","183","74","148","67","153","69","204","107","43","22","65","38","155","56","213","183","104","54",
"860Z200US10975","ZCTA5 10975","137","123","0","13","0","13","0","13","0","13","18","27","0","13","0","13","0","13","0","13","10","15","65","67","44","54",
"860Z200US10976","ZCTA5 10976","761","187","48","44","182","75","92","75","75","44","79","56","41","50","68","47","40","42","6","21","67","63","63","54","0","13",
"860Z200US10977","ZCTA5 10977","23608","1118","829","256","2392","441","3549","494","4201","505","3474","509","942","301","2412","542","511","185","842","290","1549","313","2039","474","868","237",
"860Z200US10979","ZCTA5 10979","0","13","0","13","0","13","0","13","0","13","0","13","0","13","0","13","0","13","0","13","0","13","0","13","0","13",
"860Z200US10980","ZCTA5 10980","6072","444","76","51","396","124","433","152","499","157","1125","233","618","186","545","203","206","105","234","116","575","158","771","217","594","226",
"860Z200US10983","ZCTA5 10983","2666","378","58","40","157","73","320","135","298","110","397","111","222","142","228","93","136","79","115","79","191","78","324","143","220","123",
"860Z200US10984","ZCTA5 10984","1513","270","49","39","71","62","167","99","60","36","262","89","171","94","124","70","51","76","161","97","91","88","249","121","57","52",
"860Z200US10985","ZCTA5 10985","6","9","0","13","0","13","0","13","0","13","0","13","6","9","0","13","0","13","0","13","0","13","0","13","0","13",
"860Z200US10986","ZCTA5 10986","715","288","0","13","13","20","127","93","183","120","48","47","25","29","67","46","33","34","39","49","133","92","37","38","10","15",
"860Z200US10987","ZCTA5 10987","1415","188","42","34","35","32","58","35","122","51","125","60","84","56","264","122","34","22","62","56","161","64","293","106","135","49",
"860Z200US10988","ZCTA5 10988","320","141","37","41","6","9","0","13","32","37","30","31","52","54","43","43","29","51","30","30","30","23","31","29","0","13",
"860Z200US10989","ZCTA5 10989","3549","645","38","51","350","179","486","234","415","217","376","193","247","183","323","172","65","53","249","119","392","156","356","153","252","181",
"860Z200US10990","ZCTA5 10990","8791","672","413","183","712","240","747","198","836","244","803","170","477","260","834","207","325","169","496","214","822","226","1300","419","1026","257",
"860Z200US10992","ZCTA5 10992","4123","463","50","57","180","85","196","100","435","124","664","231","178","65","583","193","151","82","137","95","450","138","643","205","456","147",
"860Z200US10993","ZCTA5 10993","2274","499","129","145","249","152","312","246","104","87","136","110","167","161","275","174","47","61","58","55","243","161","330","139","224","146",
"860Z200US10994","ZCTA5 10994","2486","469","0","19","335","145","447","174","185","99","359","226","65","53","288","131","202","125","116","138","174","107","160","90","155","93",
"860Z200US10996","ZCTA5 10996","2537","307","356","148","1221","294","589","142","193","96","33","36","49","34","26","36","6","9","9","13","18","17","0","19","37","55",
"860Z200US10998","ZCTA5 10998","1643","317","31","48","20","20","138","101","142","81","282","122","180","88","170","100","52","50","135","74","101","55","197","129","195","184",
"860Z200US11001","ZCTA5 11001","11862","665","254","108","807","270","609","173","1071","240","1179","193","879","317","1438","235","218","95","977","220","1484","285","1889","246","1057","227",
"860Z200US11003","ZCTA5 11003","22995","1612","117","88","699","218","1343","268","2285","465","3026","495","1044","260","4494","667","527","161","1403","360","2294","393","3677","589","2086","503",
"860Z200US11004","ZCTA5 11004","6829","1018","0","21","537","280","497","229","847","296","838","257","308","179","753","348","239","180","412","160","638","294","902","273","858","410",
"860Z200US11005","ZCTA5 11005","383","180","0","13","9","15","41","31","53","48","116","151","20","22","66","59","0","13","0","13","12","19","45","35","21","23",
"860Z200US11010","ZCTA5 11010","12187","1142","89","52","446","132","929","192","1529","264","1633","395","650","189","2017","399","294","112","760","227","1384","316","1720","483","736","199",
"860Z200US11020","ZCTA5 11020","2699","559","10","11","136","79","369","176","465","297","190","110","261","146","312","120","6","9","79","42","102","40","607","177","162","91",
"860Z200US11021","ZCTA5 11021","7357","584","144","94","431","129","616","153","534","159","442","121","215","95","1045","408","235","128","499","197","1030","245","1861","300","305","92",
"860Z200US11023","ZCTA5 11023","3196","376","12","18","237","116","452","155","271","149","210","86","124","66","350","166","90","66","219","99","436","153","627","170","168","91",
"860Z200US11024","ZCTA5 11024","2703","352","91","82","212","94","361","174","397","193","219","129","25","28","408","167","14","23","46","54","338","190","454","170","138","107",
"860Z200US11030","ZCTA5 11030","6252","605","85","70","306","105","656","265","655","194","714","193","231","67","495","132","152","81","212","76","906","205","1480","215","360","187",
"860Z200US11040","ZCTA5 11040","17686","1083","214","103","818","213","1445","247","2097","525","2356","508","724","185","2865","399","417","133","810","203","1805","281","2756","369","1379","319",
"860Z200US11042","ZCTA5 11042","0","13","0","13","0","13","0","13","0","13","0","13","0","13","0","13","0","13","0","13","0","13","0","13","0","13",
"860Z200US11050","ZCTA5 11050","12332","712","171","104","1033","212","1599","426","960","280","785","181","591","167","1407","326","324","135","887","346","1045","262","2581","333","949","197",
"860Z200US11096","ZCTA5 11096","3656","675","35","42","175","92","598","198","559","193","207","107","139","149","490","159","12","22","165","111","366","186","677","275","233","124",
"860Z200US11101","ZCTA5 11101","15871","1119","71","54","262","180","821","267","1131","271","2034","374","1909","372","3469","444","1131","397","1171","245","1861","437","1525","366","486","164",
"860Z200US11102","ZCTA5 11102","11797","769","56","40","185","79","315","102","579","198","604","187","389","153","2427","362","650","153","1610","304","3018","415","1702","295","262","91",
"860Z200US11103","ZCTA5 11103","18079","1142","95","49","278","109","285","92","929","278","1496","378","771","190","2868","336","1535","344","1879","274","4082","451","3088","495","773","262",
"860Z200US11104","ZCTA5 11104","12251","1024","91","57","359","192","278","131","434","134","853","226","975","266","2581","360","787","252","1455","342","2509","396","1420","320","509","202",
"860Z200US11105","ZCTA5 11105","17461","964","289","149","277","91","819","217","964","325","1171","245","588","190","2632","393","785","204","1804","296","4533","414","2945","396","654","191",
"860Z200US11106","ZCTA5 11106","18029","1108","149","120","256","119","586","229","920","398","1192","225","920","210","3977","538","1294","238","2132","435","3609","436","2329","354","665","163",
"860Z200US11109","ZCTA5 11109","3317","573","68","107","23","37","57","67","267","136","556","274","313","177","749","305","265","189","258","172","398","207","326","213","37","43",
"860Z200US11201","ZCTA5 11201","29216","1141","397","152","989","229","1737","339","2851","445","3361","411","2066","354","6286","590","1980","300","2932","429","4376","538","1673","305","568","176",
"860Z200US11203","ZCTA5 11203","33482","1596","314","131","340","118","879","198","1199","273","2397","371","516","196","5763","719","310","103","4042","594","5522","580","9755","865","2445","329",
"860Z200US11204","ZCTA5 11204","28264","1596","249","122","723","156","1836","318","2859","360","2193","388","1213","282","4164","579","381","131","1574","253","4728","722","6654","817","1690","310",
"860Z200US11205","ZCTA5 11205","16828","1003","393","160","857","270","764","201","1646","350","1236","225","824","217","2425","328","859","250","1605","253","3395","569","2493","399","331","125",
"860Z200US11206","ZCTA5 11206","31479","1593","191","107","1038","262","2008","369","2339","526","2292","501","1281","325","5538","800","2035","418","3800","572","5813","702","3864","517","1280","328",
"860Z200US11207","ZCTA5 11207","35784","1562","462","209","520","208","1288","383","1251","319","2092","359","689","224","6115","796","1033","353","2271","402","7760","700","8584","764","3719","499",
"860Z200US11208","ZCTA5 11208","40584","2208","351","151","1071","326","1243","357","2078","400","2040","385","905","316","11648","1140","869","286","1900","448","7075","760","8317","930","3087","492",
"860Z200US11209","ZCTA5 11209","28537","1189","312","140","1033","331","1082","208","1864","280","2551","359","958","268","2477","296","755","192","1904","349","5359","509","7715","578","2527","354",
"860Z200US11210","ZCTA5 11210","24705","1475","196","87","880","202","795","180","1150","228","1882","350","487","157","3277","544","614","181","2114","505","4406","468","6725","722","2179","306",
"860Z200US11211","ZCTA5 11211","28207","1485","373","189","1196","300","1892","380","1449","282","3233","542","3090","566","6005","682","2061","377","2527","424","3755","539","1957","401","669","203",
"860Z200US11212","ZCTA5 11212","28008","2254","696","278","322","121","915","296","1518","539","1125","321","413","166","3557","664","811","326","2054","455","5332","769","7321","962","3944","867",
"860Z200US11213","ZCTA5 11213","25627","1488","206","140","653","197","1068","333","1545","292","1797","355","1146","524","3818","583","643","161","1855","366","5340","587","5984","671","1572","359",
"860Z200US11214","ZCTA5 11214","34593","1514","365","207","643","159","1639","360","2315","412","2979","426","1099","302","4062","510","637","162","2140","352","5451","486","10032","794","3231","454",
"860Z200US11215","ZCTA5 11215","29437","1503","356","131","838","275","901","178","1357","230","1945","553","1552","398","4354","527","2324","447","3384","436","7743","663","4025","500","658","218",
"860Z200US11216","ZCTA5 11216","27784","1664","176","82","272","148","796","326","1101","265","1586","355","1148","247","4759","579","1878","287","3025","473","7096","705","4881","738","1066","331",
"860Z200US11217","ZCTA5 11217","17722","982","201","108","324","132","517","170","1051","231","2257","513","1080","191","3763","471","1404","253","2338","352","2989","415","1500","268","298","122",
"860Z200US11218","ZCTA5 11218","27055","1567","422","180","918","235","1447","395","1621","430","2167","588","733","213","4232","649","616","162","2278","425","6397","623","5175","594","1049","234",
"860Z200US11219","ZCTA5 11219","27832","1638","419","155","1669","439","2440","424","3856","542","1915","373","738","167","3806","479","681","298","1300","247","4640","776","4878","610","1490","320",
"860Z200US11220","ZCTA5 11220","36683","1914","165","75","582","144","2167","395","3066","438","2930","435","1002","213","5758","788","765","203","2675","416","6726","589","7292","763","3555","540",
"860Z200US11221","ZCTA5 11221","40843","2134","562","218","696","292","1566","347","1845","474","2028","542","1071","334","6944","921","1525","304","3895","586","9800","895","8754","857","2157","426",
"860Z200US11222","ZCTA5 11222","19585","1058","196","112","544","166","1191","331","1040","251","1450","302","920","190","3647","497","1914","334","2007","320","4237","442","1841","316","598","177",
"860Z200US11223","ZCTA5 11223","27622","1418","250","108","762","185","1296","208","2173","447","2035","287","1019","375","3107","402","512","162","1663","324","4535","531","8228","721","2042","326",
"860Z200US11224","ZCTA5 11224","12817","985","142","99","485","172","354","136","845","251","969","223","303","131","1471","310","288","150","962","257","1796","431","3553","640","1649","335",
"860Z200US11225","ZCTA5 11225","25312","1465","577","281","302","145","691","337","1235","376","1432","360","834","315","3408","593","1742","444","1902","390","7108","893","4732","621","1349","343",
"860Z200US11226","ZCTA5 11226","46577","2256","252","171","374","167","1063","328","2006","401","2801","562","748","198","6286","650","1964","347","5095","557","11833","1056","10607","1133","3548","489",
"860Z200US11228","ZCTA5 11228","16937","1069","171","79","391","132","1024","207","1408","222","1213","424","548","159","2291","398","372","118","927","153","3284","495","4126","437","1182","260",
"860Z200US11229","ZCTA5 11229","30429","1494","448","151","1148","346","2113","405","2189","294","2338","278","709","196","3247","461","745","163","1465","244","4474","483","8299","727","3254","433",
"860Z200US11230","ZCTA5 11230","32163","1401","445","143","1153","234","2547","377","2270","379","2978","517","1458","323","3560","503","1208","391","1805","344","5492","600","7550","656","1697","357",
"860Z200US11231","ZCTA5 11231","15071","1371","454","242","590","290","778","257","788","263","1244","477","777","276","2432","488","1189","318","1951","576","2822","374","1496","327","550","225",
"860Z200US11232","ZCTA5 11232","12225","1068","196","116","274","152","683","245","588","189","709","213","923","351","1649","290","419","132","995","276","2657","471","2375","373","757","169",
"860Z200US11233","ZCTA5 11233","32613","1728","231","138","454","187","917","269","1875","433","2169","447","984","292","5880","983","1163","247","3444","491","7226","646","6423","797","1847","372",
"860Z200US11234","ZCTA5 11234","37111","1474","416","203","708","216","1549","241","2264","363","3016","398","1082","339","5289","566","610","191","1779","409","4918","577","10149","875","5331","598",
"860Z200US11235","ZCTA5 11235","31821","1258","268","138","1064","263","2451","442","2986","458","2347","374","836","232","3869","424","981","313","1936","368","4466","501","7465","725","3152","699",
"860Z200US11236","ZCTA5 11236","41312","1711","375","139","348","154","1078","223","1806","328","2888","447","1032","239","5213","534","587","176","3700","415","6442","775","11768","948","6075","723",
"860Z200US11237","ZCTA5 11237","21388","1383","249","97","642","223","692","253","1187","582","1078","320","743","207","3233","463","1160","262","2406","385","5468","788","3591","515","939","197",
"860Z200US11238","ZCTA5 11238","25677","1289","231","127","658","247","763","242","1304","304","1759","360","1212","239","4434","522","2253","480","2795","381","6482","617","3154","496","632","175",
"860Z200US11239","ZCTA5 11239","5598","676","50","78","108","93","458","185","252","149","360","202","77","93","535","232","0","21","261","131","697","254","1898","408","902","330",
"860Z200US11249","ZCTA5 11249","17660","1080","397","178","677","236","979","307","1280","324","1470","310","1169","315","4007","632","1560","352","1732","334","2259","476","1621","362","509","225",
"860Z200US11354","ZCTA5 11354","22144","1553","543","302","709","313","1861","527","1391","303","2457","672","476","227","3608","649","228","97","1653","376","2566","532","4843","887","1809","432",
"860Z200US11355","ZCTA5 11355","32036","1809","689","292","1581","386","2316","590","2516","429","2834","414","577","184","4986","705","576","230","2360","478","3613","552","8167","912","1821","352",
"860Z200US11356","ZCTA5 11356","11623","1088","68","56","291","172","878","305","893","289","1059","356","293","146","1580","409","143","109","668","218","1405","368","2763","570","1582","328",
"860Z200US11357","ZCTA5 11357","15832","1036","211","177","682","236","1050","287","1468","298","2212","370","935","362","2522","383","358","136","941","335","1810","382","2747","430","896","234",
"860Z200US11358","ZCTA5 11358","15432","1086","219","105","317","118","765","237","1078","199","1549","336","487","148","2548","340","372","112","1196","274","2036","307","3235","378","1630","446",
"860Z200US11359","ZCTA5 11359","0","13","0","13","0","13","0","13","0","13","0","13","0","13","0","13","0","13","0","13","0","13","0","13","0","13",
"860Z200US11360","ZCTA5 11360","7221","837","0","21","160","102","246","106","620","208","635","197","489","181","1408","438","277","155","747","252","704","232","1047","260","888","194",
"860Z200US11361","ZCTA5 11361","12809","902","17","17","388","161","799","297","1304","232","1153","235","401","123","2188","473","308","125","851","222","1758","301","2495","318","1147","297",
"860Z200US11362","ZCTA5 11362","7468","877","0","21","59","48","834","318","914","302","1143","312","295","150","835","353","83","51","298","133","1033","472","1185","328","789","255",
"860Z200US11363","ZCTA5 11363","2853","465","28","32","36","41","206","115","177","69","174","87","163","79","513","210","90","58","208","166","343","108","723","161","192","78",
"860Z200US11364","ZCTA5 11364","16021","1142","88","76","260","117","1207","280","1572","382","1681","317","576","158","2279","457","594","367","1085","387","1886","316","2986","442","1807","382",
"860Z200US11365","ZCTA5 11365","18572","1440","77","57","697","408","1200","314","1164","263","1730","346","674","244","3691","604","612","290","1115","266","1637","460","3973","551","2002","570",
"860Z200US11366","ZCTA5 11366","5367","651","56","51","189","95","209","111","184","69","463","171","422","199","689","175","233","256","373","164","888","289","1064","215","597","181",
"860Z200US11367","ZCTA5 11367","17224","1167","310","149","580","160","988","304","949","205","1214","371","560","168","2197","472","504","214","1340","429","2678","423","4109","549","1795","460",
"860Z200US11368","ZCTA5 11368","52779","2794","1199","385","690","367","2180","587","3011","601","3574","586","1248","307","8244","1124","1358","419","3780","611","9847","1100","13127","1268","4521","898",
"860Z200US11369","ZCTA5 11369","12784","978","118","110","304","172","294","113","564","180","813","195","238","101","2434","456","246","109","1079","272","2818","424","2730","436","1146","280",
"860Z200US11370","ZCTA5 11370","8435","893","2","8","205","113","483","167","465","169","679","230","294","136","1202","308","134","70","714","182","1997","421","1921","427","339","146",
"860Z200US11371","ZCTA5 11371","0","13","0","13","0","13","0","13","0","13","0","13","0","13","0","13","0","13","0","13","0","13","0","13","0","13",
"860Z200US11372","ZCTA5 11372","29242","1992","187","85","663","238","1869","500","1616","547","2543","647","1780","738","4394","730","1027","290","2908","561","5774","665","5278","675","1203","387",
"860Z200US11373","ZCTA5 11373","47862","2088","223","139","762","283","1491","417","2130","495","2724","431","1267","298","9338","896","1561","396","4752","611","12154","1016","9570","819","1890","584",
"860Z200US11374","ZCTA5 11374","19608","1315","126","86","456","212","406","135","1004","245","1491","289","463","154","2467","478","800","341","1558","315","4272","662","5317","585","1248","227",
"860Z200US11375","ZCTA5 11375","31462","1851","205","91","563","177","795","328","1389","284","1740","360","977","292","4288","616","1621","396","2341","440","7466","788","8444","718","1633","275",
"860Z200US11377","ZCTA5 11377","40057","1993","320","106","1201","456","2170","428","2667","574","3290","577","3773","771","8127","901","2723","643","3267","492","5802","637","5259","730","1458","477",
"860Z200US11378","ZCTA5 11378","17636","1074","95","54","439","135","1130","280","936","210","1405","284","753","234","2887","518","401","123","1047","195","3327","493","3922","469","1294","378",
"860Z200US11379","ZCTA5 11379","16596","1210","201","103","298","112","657","177","988","189","1984","526","538","161","2012","306","425","178","1184","265","2616","366","4474","447","1219","261",
"860Z200US11385","ZCTA5 11385","47864","1949","361","141","969","195","1542","273","2459","413","2887","413","1210","273","7675","985","1728","339","3145","449","11414","846","11912","835","2562","376",
"860Z200US11411","ZCTA5 11411","9857","641","147","69","172","81","336","133","649","167","891","176","369","108","1790","351","131","63","494","148","1118","174","1878","258","1882","257",
"860Z200US11412","ZCTA5 11412","17572","1134","152","76","371","121","842","192","1069","290","1281","261","517","160","3097","482","827","235","848","193","2149","356","3696","475","2723","340",
"860Z200US11413","ZCTA5 11413","19289","1236","80","55","363","148","569","205","1436","269","1749","420","583","183","3473","499","393","128","1055","318","2721","433","4232","537","2635","463",
"860Z200US11414","ZCTA5 11414","11717","1209","267","161","453","232","824","249","983","316","1033","444","358","225","1376","401","393","243","385","188","1874","470","2892","583","879","259",
"860Z200US11415","ZCTA5 11415","9198","726","62","51","218","126","458","154","417","168","830","234","213","87","1958","352","291","109","610","164","1682","333","1746","286","713","325",
"860Z200US11416","ZCTA5 11416","11484","884","48","39","166","69","409","144","749","236","762","200","271","99","1929","371","339","118","435","139","2126","303","3035","493","1215","412",
"860Z200US11417","ZCTA5 11417","12591","906","111","61","279","127","607","194","703","200","848","236","229","91","2134","313","281","111","777","206","2196","340","3137","457","1289","271",
"860Z200US11418","ZCTA5 11418","16230","1229","276","123","272","103","792","256","1330","346","1384","440","303","111","2498","434","262","133","1355","586","2592","419","3765","466","1401","319",
"860Z200US11419","ZCTA5 11419","21603","1384","229","97","568","243","1030","318","1334","302","1828","365","505","232","3089","528","675","216","922","167","3516","449","5405","488","2502","415",
"860Z200US11420","ZCTA5 11420","23094","1376","253","151","353","150","1134","258","1526","313","1216","226","731","234","4404","656","753","209","1217","320","3481","464","5220","701","2806","402",
"860Z200US11421","ZCTA5 11421","17918","1409","92","56","113","58","587","428","1002","309","1398","304","732","217","2631","428","427","174","935","242","2974","394","5387","800","1640","421",
"860Z200US11422","ZCTA5 11422","14155","891","20","31","324","158","473","185","718","233","993","369","485","154","2104","368","561","210","705","215","1856","317","3809","507","2107","360",
"860Z200US11423","ZCTA5 11423","13181","983","179","95","213","132","444","175","827","209","1274","261","388","159","2055","448","265","115","831","220","1765","479","3910","535","1030","238",
"860Z200US11424","ZCTA5 11424","0","13","0","13","0","13","0","13","0","13","0","13","0","13","0","13","0","13","0","13","0","13","0","13","0","13",
"860Z200US11426","ZCTA5 11426","9153","1070","29","26","458","215","543","168","753","202","1431","486","314","127","1347","318","183","100","306","128","1447","461","1627","555","715","195",
"860Z200US11427","ZCTA5 11427","9869","845","96","95","227","112","279","113","784","221","1035","250","385","155","1697","338","136","106","594","237","1285","242","1848","322","1503","304",
"860Z200US11428","ZCTA5 11428","8391","831","67","46","284","188","440","215","498","186","960","277","412","137","1364","286","253","122","267","102","1057","228","1592","252","1197","226",
"860Z200US11429","ZCTA5 11429","12156","1113","60","50","179","88","329","132","1064","314","981","218","411","158","1794","387","354","200","514","199","1583","277","2875","463","2012","392",
"860Z200US11430","ZCTA5 11430","90","84","0","13","0","13","0","13","0","13","0","13","0","13","0","13","0","13","0","13","0","13","60","74","30","33",
"860Z200US11432","ZCTA5 11432","25979","1432","386","243","527","166","1612","365","1964","523","1977","362","669","181","3701","593","296","115","1105","240","3708","624","8087","693","1947","289",
"860Z200US11433","ZCTA5 11433","14829","1329","291","153","102","62","691","207","1255","347","1252","315","684","192","2044","579","283","131","1086","283","1798","310","3511","557","1832","399",
"860Z200US11434","ZCTA5 11434","28284","1592","183","115","605","272","794","240","1055","268","2850","633","691","246","5033","894","703","204","1997","431","4042","617","5616","690","4715","673",
"860Z200US11435","ZCTA5 11435","25058","1541","110","84","434","167","1313","298","1726","340","2101","374","1040","362","2896","449","624","286","1693","326","4124","461","6888","833","2109","404",
"860Z200US11436","ZCTA5 11436","9965","806","41","31","304","140","634","188","638","242","843","185","298","149","1419","294","123","60","724","210","1225","287","1942","315","1774","292",
"860Z200US11439","ZCTA5 11439","303","117","0","13","90","51","54","45","38","42","0","13","0","13","12","17","0","13","9","18","18","22","82","49","0","13",
"860Z200US11451","ZCTA5 11451","0","13","0","13","0","13","0","13","0","13","0","13","0","13","0","13","0","13","0","13","0","13","0","13","0","13",
"860Z200US11501","ZCTA5 11501","11065","802","185","242","1042","342","983","265","1494","301","1563","489","519","226","1625","400","208","125","309","124","948","247","1731","340","458","152",
"860Z200US11507","ZCTA5 11507","3350","597","85","78","95","57","197","80","349","119","400","146","76","40","724","346","178","89","95","55","349","115","547","223","255","101",
"860Z200US11509","ZCTA5 11509","703","159","8","11","19","16","25","18","101","47","24","16","41","52","110","94","14","15","28","20","113","43","143","44","77","28",
"860Z200US11510","ZCTA5 11510","17329","1289","315","193","696","211","912","188","1980","468","2006","431","626","210","2690","571","454","166","1170","291","2181","383","2981","542","1318","270",
"860Z200US11514","ZCTA5 11514","2449","432","30","28","72","43","129","79","536","202","503","273","97","57","225","119","31","29","55","55","310","227","442","186","19","38",
"860Z200US11516","ZCTA5 11516","3296","446","164","160","445","190","217","120","282","249","110","81","185","131","275","130","103","88","311","291","545","159","619","192","40","46",
"860Z200US11518","ZCTA5 11518","4569","454","77","69","169","90","456","203","791","230","559","210","199","111","640","265","189","139","206","132","400","155","507","153","376","154",
"860Z200US11520","ZCTA5 11520","21216","759","351","171","1166","332","2183","422","2638","459","3254","455","1486","371","2576","437","900","246","1215","280","1830","353","2066","341","1551","351",
"860Z200US11530","ZCTA5 11530","10906","893","186","98","1263","337","1172","273","1186","224","1222","307","547","184","921","175","453","203","538","169","705","208","1916","282","797","232",
"860Z200US11542","ZCTA5 11542","12764","733","720","370","1958","389","1656","331","969","298","1495","380","598","198","1421","335","340","128","505","146","654","200","1401","325","1047","292",
"860Z200US11545","ZCTA5 11545","4432","418","150","73","295","108","500","112","480","166","441","121","585","281","395","114","117","55","207","74","356","90","513","127","393","115",
"860Z200US11547","ZCTA5 11547","164","112","0","13","12","20","36","48","12","19","17","28","0","13","42","37","0","13","0","13","12","20","0","13","33","35",
"860Z200US11548","ZCTA5 11548","764","166","41","32","101","58","131","69","116","63","42","37","47","47","91","93","13","20","23","26","93","53","55","37","11","14",
"860Z200US11549","ZCTA5 11549","727","128","40","33","268","88","159","63","147","62","51","34","16","18","33","32","4","9","0","13","9","19","0","13","0","13",
"860Z200US11550","ZCTA5 11550","27065","1193","149","68","769","235","2364","532","3854","599","3748","477","1513","359","6298","685","531","206","1954","367","2085","391","2213","494","1587","344",
"860Z200US11552","ZCTA5 11552","10668","887","122","66","362","125","842","227","1202","254","1278","260","597","170","1651","311","263","122","567","218","1154","239","1826","354","804","244",
"860Z200US11553","ZCTA5 11553","12300","1281","112","72","988","274","1288","375","1672","527","1317","341","924","219","2037","427","173","92","436","199","1200","298","1423","339","730","507",
"860Z200US11554","ZCTA5 11554","15011","1338","145","72","681","221","1519","404","1738","398","2007","318","922","298","1823","361","637","221","1053","353","979","232","1848","437","1659","425",
"860Z200US11556","ZCTA5 11556","0","13","0","13","0","13","0","13","0","13","0","13","0","13","0","13","0","13","0","13","0","13","0","13","0","13",
"860Z200US11557","ZCTA5 11557","2881","452","4","5","125","79","409","171","411","186","274","132","82","86","229","122","75","67","269","155","412","150","436","145","155","108",
"860Z200US11558","ZCTA5 11558","3781","435","68","71","311","143","326","122","132","98","402","162","151","91","631","311","78","58","192","103","401","164","595","203","494","195",
"860Z200US11559","ZCTA5 11559","2916","534","10","16","102","92","283","146","386","182","258","169","20","33","302","185","104","80","79","58","536","164","673","297","163","108",
"860Z200US11560","ZCTA5 11560","2570","311","185","86","233","75","268","166","172","65","214","104","174","78","156","61","90","44","187","94","244","116","333","94","314","79",
"860Z200US11561","ZCTA5 11561","18290","782","439","167","1382","328","1263","383","957","249","1133","241","698","241","2752","404","915","240","842","254","2781","494","3053","432","2075","395",
"860Z200US11563","ZCTA5 11563","9668","752","167","148","527","177","933","226","1000","326","1121","496","544","229","1223","275","230","128","233","95","1222","349","1677","337","791","261",
"860Z200US11565","ZCTA5 11565","4112","380","116","116","212","96","253","114","173","114","632","217","179","152","739","301","172","96","361","192","380","152","768","180","127","86",
"860Z200US11566","ZCTA5 11566","14694","683","145","60","1094","328","1121","253","1531","263","1404","261","949","211","2046","307","613","204","584","184","1512","263","2613","317","1082","208",
"860Z200US11568","ZCTA5 11568","1509","191","42","39","122","59","88","54","364","122","144","52","35","23","126","64","56","45","42","30","31","25","289","83","170","69",
"860Z200US11569","ZCTA5 11569","463","232","0","13","20","17","91","73","14","20","69","86","11","18","19","18","34","28","10","13","53","45","124","82","18","20",
"860Z200US11570","ZCTA5 11570","10893","566","161","91","974","230","883","208","967","210","1192","263","416","150","1020","239","464","162","575","147","1219","252","2465","326","557","166",
"860Z200US11572","ZCTA5 11572","13271","814","344","148","1315","535","1593","382","1042","269","666","186","737","262","1792","325","571","162","602","167","1660","349","2124","415","825","225",
"860Z200US11575","ZCTA5 11575","9179","792","227","125","514","226","242","143","1153","333","1344","335","848","248","1823","348","188","143","273","145","558","219","1434","488","575","213",
"860Z200US11576","ZCTA5 11576","5386","807","88","76","172","91","411","146","574","180","700","283","213","113","696","217","74","46","165","81","552","149","1254","569","487","258",
"860Z200US11577","ZCTA5 11577","5059","512","67","53","321","121","237","117","780","237","684","205","146","70","657","163","135","64","221","102","521","166","877","228","413","142",
"860Z200US11579","ZCTA5 11579","1894","375","79","64","155","76","199","121","114","67","194","98","183","91","237","115","71","54","128","76","96","56","253","118","185","83",
"860Z200US11580","ZCTA5 11580","20212","1275","448","264","451","154","1614","497","1798","364","2332","420","1194","308","2906","576","811","255","1176","413","1869","360","3408","589","2205","556",
"860Z200US11581","ZCTA5 11581","9025","863","148","98","451","211","871","253","698","216","509","155","328","123","1225","288","256","142","1008","369","1011","285","1864","396","656","200",
"860Z200US11590","ZCTA5 11590","22211","1201","494","200","1408","279","3420","527","3307","808","3007","391","955","226","2994","542","382","143","792","228","2052","373","2006","415","1394","280",
"860Z200US11596","ZCTA5 11596","4363","333","85","58","299","83","423","115","644","184","351","97","218","107","430","114","92","45","195","78","414","126","968","216","244","96",
"860Z200US11598","ZCTA5 11598","5206","590","26","28","457","265","677","198","404","172","316","147","41","40","489","234","193","107","320","237","873","229","1128","287","282","116",
"860Z200US11691","ZCTA5 11691","24301","1956","659","211","1516","493","1533","342","2532","528","1535","457","763","280","2845","502","600","232","1165","377","2934","590","3878","648","4341","790",
"860Z200US11692","ZCTA5 11692","9172","963","237","128","360","336","322","163","455","200","302","147","59","55","1332","330","167","110","132","100","1359","326","2441","473","2006","393",
"860Z200US11693","ZCTA5 11693","4880","587","18","26","242","110","401","247","174","114","302","204","242","166","795","257","0","21","446","176","667","170","1023","228","570","206",
"860Z200US11694","ZCTA5 11694","8705","798","30","33","487","203","536","177","553","193","674","179","276","109","1108","278","213","155","398","180","1267","292","1898","434","1265","296",
"860Z200US11697","ZCTA5 11697","1609","446","22","18","93","67","54","45","74","51","167","172","8","13","174","96","51","41","32","36","378","209","438","158","118","66",
"860Z200US11701","ZCTA5 11701","13759","1058","525","185","1112","286","1726","546","1846","430","1889","553","631","183","2028","424","91","56","654","195","740","276","1455","444","1062","368",
"860Z200US11702","ZCTA5 11702","6728","562","163","72","738","170","755","196","705","198","610","171","383","110","1255","291","70","58","205","69","523","135","732","200","589","147",
"860Z200US11703","ZCTA5 11703","8287","833","145","101","562","187","973","268","964","235","1064","291","525","211","1072","290","307","108","308","131","1140","312","639","206","588","151",
"860Z200US11704","ZCTA5 11704","19087","1267","241","129","1697","419","2449","521","2717","417","2683","480","1301","358","2033","334","399","132","467","199","1814","555","1948","389","1338","265",
"860Z200US11705","ZCTA5 11705","3902","389","151","111","354","118","206","92","691","228","571","214","202","89","580","152","54","43","74","54","458","160","252","93","309","124",
"860Z200US11706","ZCTA5 11706","30869","1839","695","241","2995","621","4106","702","4882","772","4849","692","2242","380","3979","680","612","267","769","240","1944","388","1805","436","1991","367",
"860Z200US11709","ZCTA5 11709","3186","383","44","61","206","108","389","221","244","123","211","86","245","124","490","135","149","104","262","128","309","173","328","123","309","192",
"860Z200US11710","ZCTA5 11710","15764","1108","201","120","660","204","1476","385","1421","296","2562","470","1045","214","2078","438","247","107","614","197","1466","342","2807","605","1187","251",
"860Z200US11713","ZCTA5 11713","4117","511","242","133","118","89","312","139","584","201","596","181","208","92","930","246","76","57","169","105","453","169","201","82","228","87",
"860Z200US11714","ZCTA5 11714","9757","768","174","148","895","239","826","283","1453","312","1473","271","415","162","1075","257","145","66","360","121","809","201","1312","248","820","186",
"860Z200US11715","ZCTA5 11715","1694","280","36","45","32","38","109","66","236","132","118","67","196","120","284","138","81","79","102","68","118","100","159","85","223","127",
"860Z200US11716","ZCTA5 11716","5279","560","119","78","425","180","736","238","762","263","802","232","287","144","781","272","240","113","79","69","498","178","361","155","189","92",
"860Z200US11717","ZCTA5 11717","32220","1806","507","257","2115","528","3752","701","6565","953","4814","715","2229","498","5789","1007","806","199","932","356","2047","384","1834","405","830","215",
"860Z200US11718","ZCTA5 11718","1281","131","57","39","152","49","206","76","168","50","194","69","63","41","135","47","6","11","67","39","85","42","80","34","68","33",
"860Z200US11719","ZCTA5 11719","1352","259","8","14","183","98","261","148","113","66","142","80","103","46","87","59","35","30","133","79","104","54","61","48","122","77",
"860Z200US11720","ZCTA5 11720","13047","985","126","65","861","232","1510","280","1752","238","2186","372","772","176","2317","513","240","96","409","121","754","274","1161","290","959","241",
"860Z200US11721","ZCTA5 11721","2944","438","33","40","222","139","308","104","421","165","152","75","209","107","427","131","305","135","188","128","160","78","163","97","356","117",
"860Z200US11722","ZCTA5 11722","16699","1089","141","81","968","223","1417","336","2656","535","2800","555","1192","328","3918","636","575","183","500","193","1175","326","733","226","624","269",
"860Z200US11724","ZCTA5 11724","1073","235","24","26","51","36","84","47","100","52","102","68","169","121","64","39","26","31","112","83","75","58","163","70","103","67",
"860Z200US11725","ZCTA5 11725","12529","597","163","75","1041","248","1430","285","1368","280","1518","234","1324","211","1633","221","287","118","403","118","1092","228","1078","244","1192","204",
"860Z200US11726","ZCTA5 11726","10226","1036","476","222","1061","345","1181","371","1139","279","1971","602","365","158","1172","265","262","123","664","377","631","183","748","271","556","184",
"860Z200US11727","ZCTA5 11727","14550","1352","209","108","480","210","1400","494","1466","352","2377","510","1108","314","2715","667","539","221","717","222","1376","258","831","258","1332","391",
"860Z200US11729","ZCTA5 11729","13576","809","282","149","734","255","1890","448","1892","313","1549","241","1027","313","1471","311","351","165","636","209","1178","283","1623","283","943","261",
"860Z200US11730","ZCTA5 11730","6457","683","192","118","455","174","872","268","1204","271","823","262","299","218","819","219","119","72","273","116","639","263","372","159","390","161",
"860Z200US11731","ZCTA5 11731","14730","1236","284","129","867","247","1498","354","1818","317","1658","345","920","232","1779","354","841","426","1097","572","1282","350","1171","238","1515","310",
"860Z200US11732","ZCTA5 11732","1597","329","81","60","39","29","245","142","252","113","110","79","139","73","203","176","18","18","17","19","130","67","227","124","136","58",
"860Z200US11733","ZCTA5 11733","7342","678","67","45","592","145","1288","304","1413","293","655","129","258","90","766","160","365","258","286","100","534","135","505","157","613","167",
"860Z200US11735","ZCTA5 11735","16201","892","313","111","1351","269","2044","366","2748","613","1906","316","821","211","1510","217","647","317","548","136","1177","242","1966","310","1170","245",
"860Z200US11738","ZCTA5 11738","10027","1190","52","50","1069","335","948","211","1280","297","1276","316","807","243","1944","468","88","65","564","227","660","177","558","172","781","243",
"860Z200US11739","ZCTA5 11739","671","165","0","13","55","39","112","92","85","37","114","50","20","23","78","46","29","20","15","25","55","34","32","28","76","45",
"860Z200US11740","ZCTA5 11740","4634","481","20","21","510","148","331","107","377","133","458","168","291","111","809","207","187","81","134","70","419","124","616","176","482","171",
"860Z200US11741","ZCTA5 11741","13438","1132","233","126","862","227","2392","391","1457","342","1615","262","817","190","2034","392","523","199","304","122","901","274","1162","261","1138","370",
"860Z200US11742","ZCTA5 11742","6857","661","193","100","475","151","670","210","989","315","1137","270","464","129","1240","233","215","98","199","114","361","121","521","174","393","176",
"860Z200US11743","ZCTA5 11743","17768","1303","410","158","1591","345","2145","463","1455","317","1736","281","1217","311","2018","425","748","197","901","237","1449","295","1933","388","2165","362",
"860Z200US11746","ZCTA5 11746","30468","1510","742","247","2087","593","2881","401","4292","683","3449","440","2016","356","3269","509","984","301","1377","325","3400","714","3024","385","2947","496",
"860Z200US11747","ZCTA5 11747","8355","878","102","119","395","143","1213","338","1374","394","1440","373","589","221","917","368","209","130","164","107","501","204","687","250","764","262",
"860Z200US11749","ZCTA5 11749","1795","203","64","47","206","93","172","66","301","181","290","114","63","35","365","124","0","13","49","28","85","58","99","52","101","44",
"860Z200US11751","ZCTA5 11751","6503","643","100","58","549","163","695","172","855","181","1013","228","362","137","1023","213","585","327","262","153","365","136","419","159","275","93",
"860Z200US11752","ZCTA5 11752","4784","460","64","43","243","95","906","350","758","204","756","264","408","118","336","124","46","54","286","114","319","136","426","153","236","97",
"860Z200US11753","ZCTA5 11753","4642","472","59","45","99","57","423","167","608","171","353","125","320","193","705","287","31","34","423","195","370","135","795","225","456","141",
"860Z200US11754","ZCTA5 11754","8283","611","196","113","409","154","885","329","1094","311","1040","235","584","274","1199","252","222","93","623","212","592","156","640","143","799","252",
"860Z200US11755","ZCTA5 11755","5564","428","45","39","158","77","587","220","810","155","883","201","339","142","675","175","107","71","332","120","434","126","519","138","675","193",
"860Z200US11756","ZCTA5 11756","21198","1422","350","289","1370","333","2195","419","3132","541","2637","456","1329","324","3216","598","550","188","1175","272","1828","300","1684","311","1732","323",
"860Z200US11757","ZCTA5 11757","22041","1045","377","159","1770","365","2276","389","2984","495","2868","429","1110","240","3293","540","550","146","931","207","1715","328","2297","367","1870","327",
"860Z200US11758","ZCTA5 11758","24807","1251","383","145","1795","317","1976","296","2963","394","2935","385","1460","293","3338","413","657","187","1535","359","2162","330","3451","461","2152","306",
"860Z200US11762","ZCTA5 11762","10064","592","251","123","841","207","892","232","1052","212","1317","231","655","196","1590","278","358","125","429","122","631","152","1084","219","964","268",
"860Z200US11763","ZCTA5 11763","13067","1226","211","146","562","184","1557","328","1256","299","1736","391","681","268","2896","620","240","102","701","262","876","234","1169","261","1182","534",
"860Z200US11764","ZCTA5 11764","4578","531","61","51","99","74","522","188","454","139","711","248","284","133","665","202","210","119","199","108","775","205","406","152","192","100",
"860Z200US11765","ZCTA5 11765","264","77","14","14","16","11","30","14","27","17","42","32","2","5","74","57","0","13","7","6","6","6","25","16","21","10",
"860Z200US11766","ZCTA5 11766","4216","597","127","74","479","193","393","181","383","173","602","228","320","125","432","150","63","49","138","68","583","333","323","139","373","200",
"860Z200US11767","ZCTA5 11767","6557","902","68","55","470","182","711","263","924","293","1125","457","520","198","451","222","211","168","211","109","659","213","512","243","695","224",
"860Z200US11768","ZCTA5 11768","9572","854","282","139","956","307","1025","298","871","264","1366","306","448","140","1135","245","387","158","720","247","728","184","773","224","881","204",
"860Z200US11769","ZCTA5 11769","4643","879","85","56","301","164","653","278","747","341","485","149","231","91","1001","418","166","92","175","102","454","210","137","56","208","127",
"860Z200US11770","ZCTA5 11770","56","31","0","13","0","13","0","13","0","13","26","13","0","13","17","17","0","13","7","8","0","13","0","13","6","6",
"860Z200US11771","ZCTA5 11771","4455","623","55","48","509","212","265","114","584","181","375","187","320","138","665","231","91","57","175","141","416","144","522","212","478","165",
"860Z200US11772","ZCTA5 11772","22571","1193","317","168","2202","406","2362","447","2834","619","2776","582","1708","414","3990","527","482","161","896","299","2085","356","1608","311","1311","348",
"860Z200US11776","ZCTA5 11776","11357","1254","524","382","1176","587","1551","428","1301","270","1321","291","454","148","1973","569","221","115","320","139","828","225","1012","290","676","238",
"860Z200US11777","ZCTA5 11777","4182","273","15","17","664","150","423","121","592","161","579","142","105","45","722","180","97","51","153","97","285","72","251","105","296","95",
"860Z200US11778","ZCTA5 11778","6240","675","37","38","430","182","271","112","385","142","638","211","753","340","1248","405","450","156","359","223","567","180","711","222","391","176",
"860Z200US11779","ZCTA5 11779","18736","1079","160","84","1346","295","2676","679","2730","355","2219","340","1013","262","3401","432","301","105","512","143","1093","225","2018","452","1267","237",
"860Z200US11780","ZCTA5 11780","6729","638","337","178","332","122","866","190","558","117","908","246","488","128","1151","275","182","59","303","102","589","131","593","180","422","116",
"860Z200US11782","ZCTA5 11782","6600","500","64","45","401","128","794","185","899","250","732","177","374","138","1248","272","77","57","284","123","909","202","425","147","393","140",
"860Z200US11783","ZCTA5 11783","10631","868","127","69","520","149","1028","310","1402","286","1082","196","686","153","1350","254","141","78","505","152","996","281","1855","518","939","182",
"860Z200US11784","ZCTA5 11784","11653","908","176","104","1090","345","1436","334","1868","327","1590","310","497","134","1738","329","375","171","400","190","991","227","710","183","782","256",
"860Z200US11786","ZCTA5 11786","2696","307","8","12","228","94","187","81","262","98","512","178","466","131","238","94","85","65","132","73","168","90","203","98","207","101",
"860Z200US11787","ZCTA5 11787","14836","1064","283","106","839","194","1844","417","1929","483","2205","441","1017","219","2650","416","348","121","424","137","1024","184","1133","240","1140","232",
"860Z200US11788","ZCTA5 11788","8113","685","175","90","855","343","738","178","1127","268","944","255","488","165","1689","300","238","85","283","104","507","136","591","180","478","138",
"860Z200US11789","ZCTA5 11789","3517","551","110","108","106","81","165","99","367","132","441","186","201","110","514","165","115","84","190","110","661","206","436","200","211","93",
"860Z200US11790","ZCTA5 11790","7140","585","144","62","1083","327","949","191","1243","301","744","184","354","199","707","167","272","97","93","42","598","238","260","107","693","208",
"860Z200US11791","ZCTA5 11791","9268","507","254","158","606","162","986","186","836","163","928","205","563","155","887","172","205","98","645","179","727","128","1594","311","1037","186",
"860Z200US11792","ZCTA5 11792","4007","828","25","28","177","130","577","445","487","195","535","212","320","140","1193","558","40","46","94","72","259","118","213","139","87","73",
"860Z200US11793","ZCTA5 11793","13957","1079","88","53","765","223","1221","292","1716","310","2197","499","675","210","2040","401","458","167","702","211","1078","198","1635","334","1382","264",
"860Z200US11794","ZCTA5 11794","433","206","12","13","61","52","130","86","58","62","89","126","0","13","46","51","3","6","0","13","8","14","7","13","19","23",
"860Z200US11795","ZCTA5 11795","12415","1064","258","99","1144","228","1697","399","1426","345","1711","305","1094","365","1212","267","297","104","586","201","1187","310","858","181","945","215",
"860Z200US11796","ZCTA5 11796","1750","318","100","64","113","71","90","73","191","98","198","81","125","73","374","122","51","40","192","151","176","79","74","44","66","43",
"860Z200US11797","ZCTA5 11797","2966","352","85","47","57","37","325","125","435","121","345","131","172","87","548","190","16","25","184","120","285","149","279","93","235","102",
"860Z200US11798","ZCTA5 11798","8310","894","215","119","1001","327","1246","511","982","228","1280","266","480","179","934","342","91","51","213","94","843","256","507","196","518","165",
"860Z200US11801","ZCTA5 11801","19356","1268","284","248","1120","287","1502","302","2689","468","2643","372","1354","334","2773","438","252","116","716","198","1835","412","2363","450","1825","404",
"860Z200US11803","ZCTA5 11803","12001","863","275","169","1023","244","1429","283","1043","295","1285","237","741","166","1615","326","119","45","466","145","1113","261","1685","341","1207","245",
"860Z200US11804","ZCTA5 11804","1764","227","22","25","104","57","206","76","139","73","135","69","170","76","575","203","30","28","10","12","103","71","172","99","98","59",
"860Z200US11901","ZCTA5 11901","12771","1186","705","347","1507","504","1733","623","1613","439","1178","359","613","287","1693","385","186","189","449","218","1339","356","1259","429","496","194",
"860Z200US11930","ZCTA5 11930","369","128","5","7","43","32","13","20","87","59","55","46","0","13","49","50","0","13","0","13","0","13","33","3","84","58",
"860Z200US11931","ZCTA5 11931","0","13","0","13","0","13","0","13","0","13","0","13","0","13","0","13","0","13","0","13","0","13","0","13","0","13",
"860Z200US11932","ZCTA5 11932","280","133","41","59","45","52","0","13","76","63","56","61","0","13","12","18","0","13","0","13","44","63","6","9","0","13",
"860Z200US11933","ZCTA5 11933","2910","473","44","40","273","136","560","236","350","136","327","135","194","133","409","219","126","95","69","71","278","145","162","77","118","64",
"860Z200US11934","ZCTA5 11934","3504","655","41","39","538","305","161","92","258","145","293","130","236","124","846","407","166","196","208","95","291","106","391","160","75","63",
"860Z200US11935","ZCTA5 11935","942","217","72","63","208","103","114","67","67","48","67","48","0","13","45","37","0","13","46","47","133","90","89","59","101","88",
"860Z200US11937","ZCTA5 11937","8498","1056","355","146","835","250","1809","483","1954","648","772","247","227","145","1228","349","50","62","149","101","336","247","136","77","647","252",
"860Z200US11939","ZCTA5 11939","513","194","16","23","157","64","44","28","50","40","18","25","4","7","17","24","0","13","58","44","20","16","115","123","14","16",
"860Z200US11940","ZCTA5 11940","2218","361","0","19","69","46","300","184","226","104","303","148","186","98","271","103","68","68","163","121","246","116","309","132","77","88",
"860Z200US11941","ZCTA5 11941","1115","266","16","34","42","44","151","95","76","55","241","117","60","49","112","68","20","21","83","75","173","104","141","102","0","13",
"860Z200US11942","ZCTA5 11942","2446","334","31","38","189","114","202","98","412","141","235","134","171","108","280","114","51","44","133","74","420","161","182","81","140","85",
"860Z200US11944","ZCTA5 11944","2037","262","206","134","407","162","198","106","306","128","133","80","85","78","191","94","55","54","87","80","92","56","48","50","229","102",
"860Z200US11946","ZCTA5 11946","7789","885","230","130","441","202","587","210","541","222","1275","618","318","159","755","186","401","214","382","187","1274","379","1050","240","535","177",
"860Z200US11947","ZCTA5 11947","153","239","0","13","0","13","84","131","0","13","69","108","0","13","0","13","0","13","0","13","0","13","0","13","0","13",
"860Z200US11948","ZCTA5 11948","191","131","18","29","0","13","0","13","15","25","89","103","16","27","0","13","0","13","25","38","0","13","28","45","0","13",
"860Z200US11949","ZCTA5 11949","6212","688","34","54","176","106","358","141","1090","356","731","235","297","145","1001","266","128","99","642","245","903","395","595","256","257","149",
"860Z200US11950","ZCTA5 11950","7018","752","17","21","254","131","755","265","1171","290","1012","244","300","135","1647","449","79","59","262","132","546","198","559","153","416","180",
"860Z200US11951","ZCTA5 11951","6247","746","123","78","191","104","365","151","568","213","441","160","460","130","1438","324","450","362","312","153","673","243","851","347","375","157",
"860Z200US11952","ZCTA5 11952","2098","462","106","92","310","256","321","191","136","99","202","115","35","43","134","98","189","181","65","86","148","126","429","264","23","35",
"860Z200US11953","ZCTA5 11953","5973","755","131","109","279","123","463","162","745","243","1074","337","337","117","965","308","338","141","342","106","620","167","384","104","295","108",
"860Z200US11954","ZCTA5 11954","1641","340","85","79","359","169","253","102","71","72","252","140","115","71","307","144","9","14","21","34","8","19","21","23","140","94",
"860Z200US11955","ZCTA5 11955","1259","173","3","9","90","58","18","20","58","48","274","98","144","79","268","128","10","18","55","50","143","101","66","87","130","65",
"860Z200US11956","ZCTA5 11956","100","69","18","30","13","18","4","6","7","10","13","17","0","13","3","5","0","13","0","13","5","8","6","9","31","52",
"860Z200US11957","ZCTA5 11957","319","107","19","27","59","54","41","34","24","18","35","28","0","13","75","42","0","13","0","13","38","29","22","23","6","9",
"860Z200US11958","ZCTA5 11958","296","119","35","49","59","51","0","13","59","80","65","81","0","13","28","32","5","8","0","13","45","59","0","13","0","13",
"860Z200US11959","ZCTA5 11959","250","116","27","44","47","43","32","30","10","16","83","57","0","13","0","13","4","6","18","28","4","6","13","20","12","18",
"860Z200US11960","ZCTA5 11960","417","159","0","13","21","21","55","57","99","70","28","32","0","13","48","39","0","13","38","30","50","49","53","38","25","30",
"860Z200US11961","ZCTA5 11961","5142","575","209","144","307","158","595","235","424","143","526","177","223","112","732","170","372","201","264","150","484","141","642","196","364","135",
"860Z200US11962","ZCTA5 11962","84","47","2","4","9","13","38","30","0","13","0","13","0","13","23","19","0","13","10","16","0","13","0","13","2","3",
"860Z200US11963","ZCTA5 11963","3619","637","187","131","767","316","478","185","642","281","542","188","73","45","329","226","77","69","26","22","282","175","110","75","106","51",
"860Z200US11964","ZCTA5 11964","876","455","83","118","283","417","99","119","0","13","92","136","9","19","125","133","41","64","0","13","63","89","38","63","43","67",
"860Z200US11965","ZCTA5 11965","219","210","87","137","48","72","47","78","0","13","0","13","0","13","0","13","0","13","0","13","37","59","0","13","0","13",
"860Z200US11967","ZCTA5 11967","12107","1206","178","116","450","161","849","217","1157","301","1742","504","1026","281","2211","434","266","107","781","414","1510","333","990","242","947","320",
"860Z200US11968","ZCTA5 11968","5520","759","472","183","608","166","642","202","519","179","561","220","284","184","975","328","88","62","252","130","517","257","340","165","262","126",
"860Z200US11970","ZCTA5 11970","49","77","0","13","0","13","0","13","49","77","0","13","0","13","0","13","0","13","0","13","0","13","0","13","0","13",
"860Z200US11971","ZCTA5 11971","2296","403","240","178","256","147","422","204","129","107","147","115","179","120","350","136","11","18","162","91","96","75","257","144","47","60",
"860Z200US11972","ZCTA5 11972","99","94","0","13","0","13","0","13","0","13","20","33","0","13","24","39","0","13","22","35","33","52","0","13","0","13",
"860Z200US11973","ZCTA5 11973","12","26","0","13","4","15","8","19","0","13","0","13","0","13","0","13","0","13","0","13","0","13","0","13","0","13",
"860Z200US11975","ZCTA5 11975","125","66","33","38","17","27","33","28","18","21","0","13","8","13","2","7","0","13","0","13","0","13","14","23","0","13",
"860Z200US11976","ZCTA5 11976","714","204","80","68","240","109","77","69","140","73","44","42","16","27","23","25","23","22","0","13","12","21","35","39","24","41",
"860Z200US11977","ZCTA5 11977","979","235","34","37","250","116","133","69","25","20","118","67","5","7","77","64","6","9","0","13","94","56","70","46","167","69",
"860Z200US11978","ZCTA5 11978","1630","298","168","100","222","109","299","117","128","60","143","59","41","34","121","71","65","51","63","32","161","78","142","63","77","41",
"860Z200US11980","ZCTA5 11980","2980","721","13","14","11","12","159","76","270","102","628","160","316","172","477","146","45","40","91","46","640","634","213","110","117","74",
"860Z200US12007","ZCTA5 12007","141","95","0","13","0","13","0","13","11","17","0","13","0","13","90","64","0","13","8","15","32","39","0","13","0","13",
"860Z200US12008","ZCTA5 12008","214","136","0","13","0","13","12","20","43","39","71","56","10","15","60","66","0","13","0","13","5","10","13","21","0","13",
"860Z200US12009","ZCTA5 12009","3749","460","71","49","236","89","384","171","571","174","491","155","438","120","680","154","133","58","213","69","265","91","217","92","50","32",
"860Z200US12010","ZCTA5 12010","10700","502","630","230","1886","297","2129","324","715","167","965","202","689","208","1024","250","377","138","599","136","1135","225","392","131","159","97",
"860Z200US12015","ZCTA5 12015","1816","270","50","36","166","86","200","74","247","83","194","86","49","47","126","72","157","78","77","54","423","176","101","85","26","19",
"860Z200US12017","ZCTA5 12017","220","96","82","109","25","19","8","11","30","23","29","20","26","25","11","16","3","4","0","13","3","5","0","13","3","4",
"860Z200US12018","ZCTA5 12018","3284","401","135","98","119","67","278","118","280","121","578","186","466","154","681","204","180","93","189","97","280","132","78","81","20","24",
"860Z200US12019","ZCTA5 12019","6921","606","177","112","422","152","938","216","1164","292","981","190","676","180","1124","238","487","193","312","127","512","188","37","34","91","58",
"860Z200US12020","ZCTA5 12020","15917","917","393","167","1821","416","2065","418","2215","387","2749","448","1026","255","1901","420","964","257","766","209","1353","247","405","140","259","137",
"860Z200US12022","ZCTA5 12022","407","112","30","23","59","26","55","60","0","13","24","23","14","17","58","40","5","7","18","24","110","58","34","23","0","13",
"860Z200US12023","ZCTA5 12023","1051","267","4","7","79","40","26","22","152","127","55","32","46","35","72","57","54","28","98","43","303","151","155","115","7","10",
"860Z200US12024","ZCTA5 12024","13","15","0","13","0","13","0","13","0","13","0","13","4","5","0","13","0","13","0","13","7","12","2","9","0","13",
"860Z200US12025","ZCTA5 12025","2451","278","110","70","148","85","193","96","265","104","630","192","215","104","364","132","58","42","45","33","283","93","59","43","81","88",
"860Z200US12027","ZCTA5 12027","1560","305","105","67","131","59","123","70","149","67","219","80","235","90","194","116","8","13","94","68","290","252","12","18","0","13",
"860Z200US12028","ZCTA5 12028","507","182","10","14","71","55","28","33","106","93","57","46","27","26","35","28","0","13","19","21","98","71","56","36","0","13",
"860Z200US12029","ZCTA5 12029","401","83","38","26","16","16","41","24","35","18","59","26","35","22","49","23","22","14","6","7","46","23","27","25","27","19",
"860Z200US12031","ZCTA5 12031","74","36","0","13","0","13","17","17","22","17","4","5","0","13","7","9","0","13","0","13","13","17","11","15","0","13",
"860Z200US12032","ZCTA5 12032","324","123","0","13","28","27","0","13","52","36","46","30","38","20","13","12","6","10","46","50","35","37","60","51","0","13",
"860Z200US12033","ZCTA5 12033","3231","444","143","111","246","127","488","195","398","163","640","186","524","167","358","167","102","82","126","111","86","49","53","63","67","44",
"860Z200US12035","ZCTA5 12035","180","86","15","20","30","34","18","11","21","20","4","7","0","13","19","18","32","29","5","8","17","27","19","18","0","13",
"860Z200US12036","ZCTA5 12036","59","39","0","13","0","13","10","13","6","10","0","13","0","13","7","10","6","9","0","13","3","5","2","4","25","22",
"860Z200US12037","ZCTA5 12037","1677","312","195","109","198","61","153","101","255","102","218","105","65","33","156","72","113","63","111","65","128","60","75","60","10","8",
"860Z200US12040","ZCTA5 12040","18","18","0","13","0","13","4","6","0","13","0","13","4","6","0","13","8","13","0","13","2","3","0","13","0","13",
"860Z200US12041","ZCTA5 12041","245","187","0","13","0","13","10","17","8","13","0","13","32","44","134","135","53","54","0","13","8","14","0","13","0","13",
"860Z200US12042","ZCTA5 12042","195","112","33","43","23","36","27","34","9","16","20","29","14","27","41","43","14","21","0","13","0","13","0","13","14","25",
"860Z200US12043","ZCTA5 12043","3066","316","298","105","353","128","625","144","413","127","175","52","44","21","233","73","19","13","78","54","396","120","292","112","140","73",
"860Z200US12045","ZCTA5 12045","221","133","0","13","30","44","8","13","14","24","60","58","0","13","21","17","25","37","0","13","30","45","33","48","0","13",
"860Z200US12046","ZCTA5 12046","214","127","24","38","0","13","0","13","72","72","18","25","29","35","10","16","12","19","33","42","16","25","0","13","0","13",
"860Z200US12047","ZCTA5 12047","9500","793","242","155","837","240","867","228","1846","361","2182","436","1095","274","1299","291","299","150","211","111","237","102","164","111","221","229",
"860Z200US12051","ZCTA5 12051","1452","272","99","59","203","108","99","67","138","85","97","60","13","22","310","125","98","70","174","118","134","106","87","56","0","19",
"860Z200US12052","ZCTA5 12052","948","353","103","120","38","37","77","82","29","32","145","62","158","136","184","129","45","27","43","38","79","34","27","23","20","27",
"860Z200US12053","ZCTA5 12053","1645","329","19","18","22","18","21","23","87","69","192","100","329","173","349","123","92","48","216","119","248","169","70","77","0","13",
"860Z200US12054","ZCTA5 12054","7832","858","109","63","729","237","972","313","2024","444","1896","340","712","300","746","259","93","82","235","252","194","112","63","58","59","73",
"860Z200US12056","ZCTA5 12056","978","268","18","24","33","26","150","178","41","35","79","38","140","70","180","82","58","47","35","36","93","72","101","69","50","38",
"860Z200US12057","ZCTA5 12057","937","336","53","64","25","22","17","19","100","100","170","85","30","29","246","256","15","23","0","13","74","54","73","59","134","158",
"860Z200US12058","ZCTA5 12058","508","165","44","63","30","57","15","17","16","18","50","55","64","60","102","68","0","13","31","32","112","67","11","17","33","41",
"860Z200US12059","ZCTA5 12059","725","174","0","13","15","17","37","38","14","14","56","37","78","49","203","99","80","39","189","142","34","20","7","12","12","18",
"860Z200US12060","ZCTA5 12060","680","198","7","13","23","17","54","30","77","27","221","174","31","24","97","49","69","38","21","22","47","20","31","21","2","3",
"860Z200US12061","ZCTA5 12061","4623","449","136","79","387","150","530","164","1025","256","1088","259","438","168","479","158","41","40","175","86","172","98","90","96","62","41",
"860Z200US12062","ZCTA5 12062","853","169","73","48","10","14","89","72","87","38","151","99","61","51","176","68","34","40","30","27","85","56","33","23","24","21",
"860Z200US12063","ZCTA5 12063","332","217","0","13","0","13","45","62","48","77","77","71","61","97","101","100","0","13","0","13","0","13","0","13","0","13",
"860Z200US12064","ZCTA5 12064","127","85","0","13","6","9","16","23","0","13","7","10","19","27","13","12","6","10","40","62","20","13","0","13","0","13",
"860Z200US12065","ZCTA5 12065","21426","912","376","158","1859","324","2836","402","2750","500","3514","447","2677","494","3963","548","758","268","676","184","1006","292","439","231","572","228",
"860Z200US12066","ZCTA5 12066","845","186","54","35","17","13","43","32","28","18","98","44","49","27","159","74","91","47","70","58","162","67","56","33","18","18",
"860Z200US12067","ZCTA5 12067","680","241","28","32","8","14","39","55","114","102","84","49","134","84","166","74","15","18","66","86","26","33","0","13","0","13",
"860Z200US12068","ZCTA5 12068","1056","223","58","40","181","85","147","64","188","97","108","57","46","42","110","81","29","35","16","17","35","33","114","81","24","27",
"860Z200US12069","ZCTA5 12069","270","211","0","13","46","33","14","20","0","13","18","29","0","13","11","19","0","13","0","13","181","211","0","13","0","13",
"860Z200US12070","ZCTA5 12070","1128","286","24","32","107","124","214","90","228","130","49","37","63","82","45","32","12","11","65","66","243","215","33","35","45","66",
"860Z200US12071","ZCTA5 12071","108","45","0","13","14","11","11","15","9","12","3","4","7","8","13","15","11","12","0","13","32","22","8","7","0","13",
"860Z200US12072","ZCTA5 12072","1241","199","40","27","125","62","107","43","198","69","121","46","63","29","143","64","57","37","106","82","140","50","102","48","39","33",
"860Z200US12074","ZCTA5 12074","1421","292","1","4","63","43","278","171","150","112","183","86","139","117","236","98","78","31","67","37","155","84","56","28","15","16",
"860Z200US12075","ZCTA5 12075","1223","255","102","76","183","83","159","96","188","112","72","48","144","119","54","58","68","55","84","76","98","77","58","60","13","21",
"860Z200US12076","ZCTA5 12076","439","82","27","17","33","21","41","36","54","29","67","24","17","17","51","22","14","9","14","11","46","17","41","27","34","20",
"860Z200US12077","ZCTA5 12077","2559","376","87","75","223","123","293","122","687","210","556","155","451","159","171","98","0","19","32","31","43","49","16","21","0","19",
"860Z200US12078","ZCTA5 12078","9537","705","547","199","1516","246","1961","390","1178","309","751","178","466","169","673","232","105","73","256","116","1075","284","843","220","166","81",
"860Z200US12082","ZCTA5 12082","0","13","0","13","0","13","0","13","0","13","0","13","0","13","0","13","0","13","0","13","0","13","0","13","0","13",
"860Z200US12083","ZCTA5 12083","1583","274","43","35","123","62","117","74","108","87","113","65","186","93","58","42","51","39","180","98","349","130","141","87","114","81",
"860Z200US12084","ZCTA5 12084","2561","405","11","15","161","99","177","84","523","191","747","220","272","104","305","117","42","33","88","91","99","68","109","67","27","42",
"860Z200US12085","ZCTA5 12085","75","58","0","13","0","13","0","13","0","13","21","26","25","39","8","13","0","13","0","13","21","33","0","13","0","13",
"860Z200US12086","ZCTA5 12086","599","158","14","15","136","63","79","46","63","40","59","34","22","24","81","50","51","41","28","24","58","47","8","14","0","13",
"860Z200US12087","ZCTA5 12087","532","199","0","13","18","27","139","92","47","43","86","73","0","13","36","57","104","82","19","34","28","29","30","42","25","23",
"860Z200US12090","ZCTA5 12090","2210","284","116","60","332","133","213","96","155","80","329","122","58","51","206","92","75","50","81","54","347","122","201","85","97","62",
"860Z200US12092","ZCTA5 12092","805","234","24","33","3","4","198","126","163","93","160","79","5","8","9","10","0","13","39","50","176","94","12","18","16","21",
"860Z200US12093","ZCTA5 12093","441","93","10","8","11","10","21","13","26","14","82","42","29","28","55","34","9","9","25","19","50","31","109","65","14","10",
"860Z200US12094","ZCTA5 12094","1082","379","6","8","67","67","3","6","106","79","162","109","117","100","64","54","183","162","54","41","203","111","43","38","74","108",
"860Z200US12095","ZCTA5 12095","5559","447","636","246","961","278","1081","242","872","240","876","284","46","28","77","81","263","152","192","109","316","127","218","95","21","27",
"860Z200US12106","ZCTA5 12106","816","138","19","15","109","55","138","60","55","36","68","38","31","24","116","53","65","33","54","39","107","45","19","19","35","30",
"860Z200US12108","ZCTA5 12108","162","49","41","27","58","32","12","10","11","10","2","3","11","5","0","13","3","3","0","13","22","31","2","2","0","13",
"860Z200US12110","ZCTA5 12110","9379","875","250","179","1190","370","1572","377","2241","423","1954","313","593","205","912","288","59","51","68","50","160","89","159","82","221","169",
"860Z200US12115","ZCTA5 12115","12","18","0","13","0","13","0","13","0","13","12","18","0","13","0","13","0","13","0","13","0","13","0","13","0","13",
"860Z200US12116","ZCTA5 12116","503","135","8","13","31","28","47","33","138","68","112","55","31","19","35","26","10","16","0","13","11","15","70","69","10","15",
"860Z200US12117","ZCTA5 12117","1198","204","49","31","74","45","218","93","117","52","271","121","116","69","80","51","21","24","23","23","58","32","142","55","29","32",
"860Z200US12118","ZCTA5 12118","7475","654","181","90","687","189","818","256","1352","304","896","234","567","166","978","222","455","190","491","248","701","265","201","112","148","94",
"860Z200US12120","ZCTA5 12120","268","100","3","4","8","8","58","42","38","24","33","27","0","13","6","8","0","13","9","8","34","20","67","55","12","14",
"860Z200US12121","ZCTA5 12121","1100","413","44","51","58","49","38","45","220","202","158","82","164","117","283","168","26","28","49","61","55","48","0","13","5","7",
"860Z200US12122","ZCTA5 12122","1534","203","72","39","160","69","140","66","177","71","243","93","81","51","99","32","41","46","94","64","231","80","125","42","71","51",
"860Z200US12123","ZCTA5 12123","2298","373","162","100","187","104","146","94","236","96","496","187","301","126","297","103","128","50","28","24","120","58","197","115","0","13",
"860Z200US12124","ZCTA5 12124","107","104","0","13","0","13","0","13","16","24","0","13","18","26","73","95","0","13","0","13","0","13","0","13","0","13",
"860Z200US12125","ZCTA5 12125","442","113","10","12","26","29","48","62","39","34","72","40","36","26","69","38","41","41","48","44","18","19","31","33","4","6",
"860Z200US12130","ZCTA5 12130","134","85","0","13","12","20","0","13","0","13","12","20","15","26","44","49","34","33","0","13","17","28","0","13","0","13",
"860Z200US12131","ZCTA5 12131","74","34","6","7","5","7","10","16","3","5","10","9","1","2","4","4","0","13","0","13","27","29","6","6","2","3",
"860Z200US12132","ZCTA5 12132","44","38","0","13","0","13","29","24","0","13","0","13","15","21","0","13","0","13","0","13","0","13","0","13","0","13",
"860Z200US12134","ZCTA5 12134","1637","202","71","36","126","41","113","48","211","80","84","60","113","50","258","87","172","61","69","27","259","88","133","50","28","13",
"860Z200US12136","ZCTA5 12136","294","117","10","15","33","48","24","23","29","36","29","23","12","23","18","28","87","78","33","26","11","18","0","13","8","13",
"860Z200US12137","ZCTA5 12137","1055","301","0","13","40","39","39","56","212","153","179","121","74","50","216","119","68","39","60","40","127","67","34","35","6","9",
"860Z200US12138","ZCTA5 12138","1274","172","46","18","123","49","102","33","78","43","135","55","89","39","241","90","68","55","92","35","182","72","102","52","16","13",
"860Z200US12139","ZCTA5 12139","97","36","2","2","16","13","25","17","19","9","12","6","0","13","10","10","0","13","0","13","8","6","5","4","0","13",
"860Z200US12140","ZCTA5 12140","722","153","64","57","52","34","72","41","96","46","130","77","103","60","127","80","11","17","49","36","18","25","0","13","0","13",
"860Z200US12143","ZCTA5 12143","2562","352","13","21","216","124","306","134","319","179","313","123","299","133","526","203","106","73","106","68","165","102","185","189","8","13",
"860Z200US12144","ZCTA5 12144","10266","871","404","177","1411","323","1948","414","2020","329","2173","578","449","169","931","231","257","166","205","204","151","80","97","81","220","151",
"860Z200US12147","ZCTA5 12147","177","63","7","10","4","5","22","17","16","15","28","20","15","18","4","5","0","13","30","21","28","28","0","13","23","17",
"860Z200US12148","ZCTA5 12148","1639","331","0","13","59","51","223","113","379","157","220","93","303","187","203","92","53","54","76","67","51","42","16","29","56","66",
"860Z200US12149","ZCTA5 12149","889","154","41","30","125","51","135","64","149","64","69","36","48","26","19","13","30","23","17","20","164","69","88","50","4","5",
"860Z200US12150","ZCTA5 12150","267","124","0","13","0","13","0","13","34","31","64","48","0","13","87","85","0","13","66","46","16","26","0","13","0","13",
"860Z200US12151","ZCTA5 12151","407","111","16","16","36","22","32","29","54","26","94","55","56","42","71","28","3","4","36","34","4","6","3","5","2","3",
"860Z200US12153","ZCTA5 12153","224","152","0","13","30","46","50","62","7","10","3","6","37","57","9","11","24","34","23","35","19","24","22","37","0","13",
"860Z200US12154","ZCTA5 12154","1288","326","38","26","214","154","144","137","42","28","85","43","159","84","143","69","29","17","111","50","288","97","19","22","16","22",
"860Z200US12155","ZCTA5 12155","788","201","15","12","57","36","67","42","93","35","154","69","98","39","70","39","64","48","12","17","100","82","32","20","26","19",
"860Z200US12156","ZCTA5 12156","316","163","0","13","10","14","25","39","0","13","48","47","33","37","117","90","10","19","31","26","23","36","0","13","19","30",
"860Z200US12157","ZCTA5 12157","1826","213","90","53","169","68","146","64","103","52","194","101","92","47","120","47","59","32","165","67","336","100","303","125","49","38",
"860Z200US12158","ZCTA5 12158","2535","462","23","29","248","137","324","182","324","151","560","244","233","109","417","225","97","79","76","56","115","61","108","96","10","18",
"860Z200US12159","ZCTA5 12159","3380","519","195","163","104","68","572","211","800","211","716","179","396","157","453","190","16","27","35","43","28","31","49","42","16","18",
"860Z200US12160","ZCTA5 12160","353","116","4","8","13","13","20","16","29","19","46","22","44","51","64","53","47","36","31","24","30","21","25","17","0","13",
"860Z200US12161","ZCTA5 12161","26","31","0","13","0","13","0","13","0","13","8","16","8","14","10","17","0","13","0","13","0","13","0","13","0","13",
"860Z200US12164","ZCTA5 12164","178","45","56","32","54","20","12","9","22","15","11","7","0","13","2","3","4","4","0","13","13","13","4","5","0","13",
"860Z200US12165","ZCTA5 12165","51","27","4","5","7","9","13","12","3","6","6","9","0","13","0","13","0","13","7","11","0","13","0","13","11","9",
"860Z200US12166","ZCTA5 12166","611","105","7","7","74","40","27","25","73","34","171","57","47","22","51","35","16","19","17","14","45","26","61","27","22","19",
"860Z200US12167","ZCTA5 12167","801","116","103","46","117","45","105","36","85","35","32","21","41","29","117","48","39","32","40","29","70","40","24","17","28","29",
"860Z200US12168","ZCTA5 12168","738","184","9","14","16","19","7","11","89","79","39","35","51","41","142","83","98","64","157","87","92","47","30","27","8","13",
"860Z200US12169","ZCTA5 12169","126","108","0","13","0","13","0","13","27","35","16","26","0","13","32","36","6","11","0","13","40","68","5","9","0","13",
"860Z200US12170","ZCTA5 12170","2499","457","97","85","158","73","218","151","216","146","305","97","296","180","496","204","169","71","192","92","225","105","93","66","34","28",
"860Z200US12172","ZCTA5 12172","95","72","11","20","14","22","2","4","2","3","18","28","0","13","11","17","0","13","19","30","18","28","0","13","0","13",
"860Z200US12173","ZCTA5 12173","824","192","0","13","35","39","60","45","140","67","200","136","14","13","57","28","38","33","58","45","144","67","61","33","17","21",
"860Z200US12174","ZCTA5 12174","179","105","18","29","19","26","0","13","31","43","23","31","0","13","21","30","26","32","0","13","6","9","18","26","17","25",
"860Z200US12175","ZCTA5 12175","254","86","0","13","0","13","19","22","5","7","36","21","21","22","51","23","17","15","0","13","60","43","37","21","8","7",
"860Z200US12176","ZCTA5 12176","91","69","0","13","56","65","16","21","0","13","0","13","9","14","0","13","0","13","0","13","10","16","0","13","0","13",
"860Z200US12177","ZCTA5 12177","280","167","0","13","0","13","93","86","91","81","0","13","0","13","6","12","15","23","75","82","0","13","0","13","0","13",
"860Z200US12180","ZCTA5 12180","22996","1091","580","181","2729","432","3116","507","4851","639","4229","573","2271","438","2127","335","408","134","616","184","1211","292","453","116","405","154",
"860Z200US12182","ZCTA5 12182","5560","592","164","124","213","120","386","166","1110","286","1053","237","568","177","1119","254","125","70","187","98","340","141","132","68","163","97",
"860Z200US12183","ZCTA5 12183","1136","313","72","107","91","60","206","93","273","132","178","151","111","95","102","80","9","15","24","37","26","25","8","14","36","38",
"860Z200US12184","ZCTA5 12184","2969","325","183","83","308","128","232","105","412","159","404","146","273","112","605","201","150","68","87","54","124","61","105","63","86","64",
"860Z200US12185","ZCTA5 12185","999","366","20","20","32","28","22","24","64","61","40","25","287","230","167","117","67","40","137","106","145","74","11","12","7","7",
"860Z200US12186","ZCTA5 12186","2855","360","79","37","62","32","204","79","385","166","701","222","513","137","492","132","99","55","79","38","129","68","59","41","53","53",
"860Z200US12187","ZCTA5 12187","325","211","28","35","0","13","34","24","114","113","16","19","0","13","3","4","3","4","0","13","112","121","15","12","0","13",
"860Z200US12188","ZCTA5 12188","5668","597","164","123","120","65","613","208","917","266","1093","308","738","187","1094","286","95","85","287","214","391","172","113","78","43","43",
"860Z200US12189","ZCTA5 12189","8701","807","291","147","987","397","1316","305","1638","311","1736","434","840","227","1123","323","183","112","113","104","156","69","169","100","149","89",
"860Z200US12190","ZCTA5 12190","199","53","18","14","6","7","0","13","6","7","52","32","3","5","38","26","0","13","2","3","20","18","25","18","29","19",
"860Z200US12192","ZCTA5 12192","508","187","0","13","43","35","166","103","60","57","93","62","0","13","69","59","16","28","0","13","22","29","13","16","26","32",
"860Z200US12193","ZCTA5 12193","630","229","45","40","76","59","7","12","75","87","45","50","141","106","63","47","30","45","48","38","94","70","6","9","0","13",
"860Z200US12194","ZCTA5 12194","61","29","17","17","0","13","6","8","3","6","6","7","0","13","1","2","0","13","6","10","14","14","8","7","0","13",
"860Z200US12195","ZCTA5 12195","173","170","0","13","0","13","0","13","0","13","0","13","56","85","14","23","56","85","0","13","47","65","0","13","0","13",
"860Z200US12196","ZCTA5 12196","1729","422","61","94","59","57","204","156","380","147","412","229","327","159","108","59","17","23","25","26","96","86","33","52","7","12",
"860Z200US12197","ZCTA5 12197","912","346","62","38","23","16","149","128","100","75","116","74","70","44","224","139","27","13","21","15","64","52","42","24","14","16",
"860Z200US12198","ZCTA5 12198","3192","420","17","26","320","110","201","81","585","193","819","203","506","198","476","154","24","29","127","64","88","51","27","24","2","4",
"860Z200US12202","ZCTA5 12202","3991","661","0","19","572","247","757","246","762","306","650","255","156","102","616","293","52","54","84","89","101","103","203","159","38","48",
"860Z200US12203","ZCTA5 12203","14090","943","159","76","2151","384","3013","556","4126","643","2251","338","621","184","870","221","130","67","121","79","355","150","115","110","178","138",
"860Z200US12204","ZCTA5 12204","4204","507","65","74","274","159","856","257","1201","344","544","266","498","207","329","136","0","19","75","80","174","122","49","63","139","98",
"860Z200US12205","ZCTA5 12205","11537","732","363","170","1094","317","2917","476","2319","359","2243","400","840","213","767","163","222","188","178","87","274","108","167","74","153","107",
"860Z200US12206","ZCTA5 12206","6009","801","123","74","419","205","1353","345","1618","404","946","363","146","148","596","216","47","52","120","92","430","265","115","86","96","73",
"860Z200US12207","ZCTA5 12207","1053","173","66","46","225","148","131","58","198","81","168","105","0","13","148","110","14","22","51","50","33","52","0","13","19","26",
"860Z200US12208","ZCTA5 12208","10457","1018","368","172","1487","440","2077","369","2100","345","2390","448","559","226","688","285","196","166","112","63","210","102","198","109","72","71",
"860Z200US12209","ZCTA5 12209","5182","769","0","21","620","275","919","325","1394","378","727","171","349","161","563","247","120","101","174","162","41","40","275","223","0","21",
"860Z200US12210","ZCTA5 12210","5172","875","52","81","475","249","1394","396","1096","343","606","270","301","233","552","274","39","34","63","71","526","222","61","55","7","13",
"860Z200US12211","ZCTA5 12211","5294","663","150","82","685","256","1417","300","1408","451","737","229","196","91","334","165","54","40","24","37","176","115","79","65","34","31",
"860Z200US12222","ZCTA5 12222","1777","221","39","36","403","106","534","117","334","104","214","90","90","81","66","46","31","32","0","19","32","28","17","19","17","24",
"860Z200US12226","ZCTA5 12226","0","13","0","13","0","13","0","13","0","13","0","13","0","13","0","13","0","13","0","13","0","13","0","13","0","13",
"860Z200US12302","ZCTA5 12302","11770","579","217","110","993","221","1813","348","1932","338","1772","319","954","236","1628","251","701","182","650","173","764","160","160","67","186","93",
"860Z200US12303","ZCTA5 12303","12070","787","150","64","997","209","1832","400","2222","392","2431","410","1232","348","1565","280","317","117","215","99","701","196","202","125","206","127",
"860Z200US12304","ZCTA5 12304","8694","963","217","99","476","166","1380","397","1705","299","1490","377","827","320","1393","360","107","72","431","239","421","210","151","117","96","64",
"860Z200US12305","ZCTA5 12305","3161","592","206","152","452","171","600","213","578","257","203","99","136","71","599","215","183","202","63","42","60","48","26","31","55","51",
"860Z200US12306","ZCTA5 12306","12654","732","354","97","1345","279","1857","376","1878","379","2106","383","1290","268","2046","310","537","172","486","166","473","146","90","42","192","114",
"860Z200US12307","ZCTA5 12307","2878","478","64","75","125","106","638","331","367","147","408","142","252","130","678","221","1","3","9","15","109","104","164","113","63","67",
"860Z200US12308","ZCTA5 12308","6230","646","48","35","843","201","1445","345","843","244","561","227","425","188","874","267","162","80","104","78","498","212","140","109","287","146",
"860Z200US12309","ZCTA5 12309","14194","833","343","174","1950","375","2481","475","2265","285","2037","325","1065","274","1888","280","679","241","409","139","759","247","197","88","121","74",
"860Z200US12401","ZCTA5 12401","14781","852","663","212","2011","279","3097","417","2601","372","1686","328","621","139","1219","271","269","119","1029","400","558","199","525","169","502","142",
"860Z200US12404","ZCTA5 12404","1668","322","22","29","195","116","153","85","248","152","226","120","33","33","258","101","175","115","82","70","81","58","72","52","123","70",
"860Z200US12405","ZCTA5 12405","243","126","0","13","24","28","28","33","43","33","47","41","32","36","33","32","0","13","0","13","9","15","27","32","0","13",
"860Z200US12406","ZCTA5 12406","257","127","11","18","59","51","34","52","1","2","1","2","83","50","2","3","26","38","40","45","0","13","0","13","0","13",
"860Z200US12407","ZCTA5 12407","68","43","2","6","16","15","5","5","34","33","8","16","0","13","3","3","0","13","0","13","0","13","0","13","0","13",
"860Z200US12409","ZCTA5 12409","403","163","43","54","73","64","30","47","13","20","61","52","61","69","40","46","0","13","49","46","20","23","7","11","6","10",
"860Z200US12410","ZCTA5 12410","118","64","9","14","60","51","4","7","0","13","0","13","0","13","0","13","0","13","0","13","31","34","0","13","14","17",
"860Z200US12411","ZCTA5 12411","193","94","8","12","0","13","42","32","36","31","10","17","8","13","38","38","24","21","0","13","9","15","18","29","0","13",
"860Z200US12412","ZCTA5 12412","70","80","8","14","7","12","0","13","0","13","9","15","0","13","0","13","0","13","0","13","0","13","46","74","0","13",
"860Z200US12413","ZCTA5 12413","1387","334","35","45","180","114","117","112","311","191","63","51","136","81","156","98","185","133","34","35","102","68","22","24","46","66",
"860Z200US12414","ZCTA5 12414","4113","457","155","133","511","165","479","225","544","151","399","206","265","131","458","198","116","75","162","124","608","254","257","125","159","111",
"860Z200US12416","ZCTA5 12416","23","27","0","13","0","13","0","13","0","13","8","12","0","13","0","13","0","13","0","13","15","24","0","13","0","13",
"860Z200US12417","ZCTA5 12417","530","225","0","13","35","34","66","76","194","146","29","32","26","42","79","63","0","13","0","13","43","68","58","59","0","13",
"860Z200US12418","ZCTA5 12418","173","78","0","13","18","28","9","13","0","13","0","13","0","13","47","42","6","10","0","13","34","27","59","47","0","13",
"860Z200US12419","ZCTA5 12419","325","180","0","13","36","36","58","45","38","44","54","95","38","58","34","42","7","11","0","13","9","15","35","39","16","27",
"860Z200US12420","ZCTA5 12420","136","132","0","13","0","13","0","13","0","13","0","13","20","31","41","63","36","58","0","13","0","13","39","39","0","13",
"860Z200US12421","ZCTA5 12421","115","95","3","6","4","6","0","13","9","17","38","46","7","10","0","13","0","13","8","12","9","16","32","44","5","8",
"860Z200US12422","ZCTA5 12422","223","149","23","35","6","10","39","35","6","9","0","13","0","13","61","77","0","13","49","61","0","13","21","25","18","30",
"860Z200US12423","ZCTA5 12423","490","187","57","69","45","66","88","84","37","40","95","72","10","14","20","22","10","14","0","13","62","40","66","56","0","13",
"860Z200US12424","ZCTA5 12424","115","66","0","13","12","15","20","23","33","37","0","13","0","13","0","13","38","51","4","5","0","13","0","13","8","12",
"860Z200US12427","ZCTA5 12427","420","205","0","13","92","146","201","182","17","23","0","13","0","13","6","17","62","77","38","48","4","14","0","13","0","13",
"860Z200US12428","ZCTA5 12428","2482","367","85","84","487","195","287","154","317","183","113","89","153","103","114","92","120","89","51","40","418","186","227","110","110","103",
"860Z200US12429","ZCTA5 12429","49","75","0","13","0","13","0","13","0","13","0","13","49","75","0","13","0","13","0","13","0","13","0","13","0","13",
"860Z200US12430","ZCTA5 12430","540","191","33","37","58","48","60","51","128","106","33","22","34","29","27","20","2","3","23","33","73","66","25","23","44","55",
"860Z200US12431","ZCTA5 12431","980","229","1","3","157","113","127","67","256","115","84","73","95","59","29","44","14","22","0","13","174","101","28","30","15","18",
"860Z200US12432","ZCTA5 12432","236","166","48","77","0","13","62","67","35","55","29","48","9","14","0","13","0","13","42","67","0","13","11","17","0","13",
"860Z200US12433","ZCTA5 12433","150","84","7","12","30","38","0","13","72","62","5","8","13","21","23","36","0","13","0","13","0","13","0","13","0","13",
"860Z200US12434","ZCTA5 12434","346","140","86","58","0","13","35","33","52","41","0","13","51","73","35","33","24","29","0","13","0","13","0","13","63","46",
"860Z200US12435","ZCTA5 12435","72","50","0","13","0","13","41","45","0","13","9","11","7","12","6","10","0","13","0","13","9","13","0","13","0","13",
"860Z200US12436","ZCTA5 12436","70","82","9","12","61","81","0","13","0","13","0","13","0","13","0","13","0","13","0","13","0","13","0","13","0","13",
"860Z200US12438","ZCTA5 12438","32","36","0","13","0","13","9","14","8","12","8","12","0","13","0","13","0","13","0","13","7","11","0","13","0","13",
"860Z200US12439","ZCTA5 12439","142","89","4","7","35","32","31","27","50","50","0","13","0","13","7","11","0","13","0","13","0","13","12","20","3","5",
"860Z200US12440","ZCTA5 12440","561","180","7","11","26","39","128","80","71","56","134","67","22","18","37","35","51","58","23","27","38","28","17","23","7","11",
"860Z200US12441","ZCTA5 12441","11","16","0","13","0","13","11","16","0","13","0","13","0","13","0","13","0","13","0","13","0","13","0","13","0","13",
"860Z200US12442","ZCTA5 12442","193","90","37","34","30","31","23","24","57","48","12","15","0","13","12","18","0","13","0","13","0","13","22","23","0","13",
"860Z200US12443","ZCTA5 12443","1685","293","20","22","157","70","258","110","510","202","230","183","189","93","97","58","0","13","13","15","112","70","77","50","22","28",
"860Z200US12444","ZCTA5 12444","275","139","0","13","31","32","76","61","24","25","44","37","0","13","0","13","80","79","0","13","0","13","20","22","0","13",
"860Z200US12446","ZCTA5 12446","2175","445","257","167","87","78","196","150","107","63","132","93","279","165","292","177","167","100","234","141","239","100","32","27","153","85",
"860Z200US12448","ZCTA5 12448","44","50","0","13","0","13","0","13","0","13","0","13","18","31","12","19","0","13","0","13","14","21","0","13","0","13",
"860Z200US12449","ZCTA5 12449","1268","307","29","38","160","106","272","96","363","134","273","105","28","45","61","51","14","21","0","13","56","56","0","13","12","15",
"860Z200US12450","ZCTA5 12450","104","80","0","13","0","13","10","15","0","13","38","39","0","13","12","17","0","13","0","13","44","41","0","13","0","13",
"860Z200US12451","ZCTA5 12451","525","273","76","115","46","40","61","54","18","20","58","56","28","48","112","104","23","25","33","49","70","61","0","13","0","13",
"860Z200US12452","ZCTA5 12452","0","13","0","13","0","13","0","13","0","13","0","13","0","13","0","13","0","13","0","13","0","13","0","13","0","13",
"860Z200US12453","ZCTA5 12453","59","70","0","13","26","43","0","13","0","13","0","13","0","13","20","33","0","13","0","13","13","23","0","13","0","13",
"860Z200US12454","ZCTA5 12454","129","53","16","19","22","21","28","22","9","10","10","11","0","13","0","13","9","11","0","13","9","12","26","13","0","13",
"860Z200US12455","ZCTA5 12455","524","188","94","96","121","90","88","65","75","85","20","19","19","28","34","22","0","13","9","14","50","27","0","13","14","21",
"860Z200US12456","ZCTA5 12456","330","137","9","15","15","24","102","111","73","53","25","32","0","13","78","73","0","13","0","13","15","24","0","13","13","25",
"860Z200US12457","ZCTA5 12457","502","201","6","10","106","64","54","60","105","100","9","14","0","13","71","32","7","12","70","87","0","13","48","86","26","42",
"860Z200US12458","ZCTA5 12458","1003","342","20","16","105","83","15","17","89","69","199","153","9","11","123","81","7","10","50","50","79","74","259","227","48","54",
"860Z200US12459","ZCTA5 12459","52","46","0","13","0","13","0","13","0","13","10","16","0","13","7","13","0","13","20","23","15","18","0","13","0","13",
"860Z200US12460","ZCTA5 12460","76","44","0","13","0","13","17","19","0","13","0","13","17","19","21","22","9","14","0","13","12","14","0","13","0","13",
"860Z200US12461","ZCTA5 12461","438","194","0","13","36","30","13","23","45","43","51","67","18","29","55","38","38","46","115","118","0","13","28","37","39","38",
"860Z200US12463","ZCTA5 12463","426","173","0","13","25","26","57","64","72","98","64","58","28","44","41","49","14","22","5","8","83","94","37","31","0","13",
"860Z200US12464","ZCTA5 12464","444","148","0","13","32","29","63","60","22","33","46","40","18","31","76","61","13","22","11","18","88","94","75","65","0","13",
"860Z200US12465","ZCTA5 12465","108","49","0","13","0","13","29","37","49","40","18","26","0","13","0","13","0","13","0","13","4","6","0","13","8","10",
"860Z200US12466","ZCTA5 12466","751","201","0","13","83","66","211","109","131","117","41","53","66","61","46","46","46","50","49","60","41","42","14","20","23","39",
"860Z200US12468","ZCTA5 12468","549","121","29","21","39","29","21","18","129","56","55","35","35","24","67","30","60","59","15","11","31","14","49","28","19","15",
"860Z200US12469","ZCTA5 12469","363","146","4","7","7","8","29","20","106","129","16","15","14","12","68","37","7","7","4","6","35","18","64","44","9","11",
"860Z200US12470","ZCTA5 12470","477","215","0","13","49","48","111","69","52","52","22","28","13","19","52","86","0","13","66","89","76","62","36","48","0","13",
"860Z200US12471","ZCTA5 12471","50","58","0","13","0","13","0","13","0","13","30","47","0","13","0","13","0","13","20","32","0","13","0","13","0","13",
"860Z200US12472","ZCTA5 12472","660","234","28","36","9","13","88","61","167","84","37","41","115","147","71","59","0","13","38","37","47","40","34","45","26","35",
"860Z200US12473","ZCTA5 12473","280","152","0","13","95","98","48","43","46","41","15","21","0","13","40","50","0","13","22","33","14","22","0","13","0","13",
"860Z200US12474","ZCTA5 12474","351","102","48","26","42","30","31","23","38","26","72","55","10","12","34","27","31","41","0","13","16","19","12","17","17","13",
"860Z200US12475","ZCTA5 12475","222","153","0","13","8","11","23","35","56","73","51","47","26","39","0","13","0","13","58","64","0","13","0","13","0","13",
"860Z200US12477","ZCTA5 12477","7828","592","428","173","976","280","827","231","1211","242","1161","290","635","175","1055","211","203","97","232","104","375","118","464","156","261","105",
"860Z200US12480","ZCTA5 12480","110","84","0","13","2","3","8","12","2","3","20","32","17","25","0","13","19","24","3","5","0","13","0","13","39","60",
"860Z200US12481","ZCTA5 12481","547","216","117","118","84","78","68","54","83","76","37","42","0","13","41","56","27","32","10","18","13","22","38","50","29","35",
"860Z200US12482","ZCTA5 12482","332","227","0","13","14","21","223","215","31","37","16","20","0","13","0","13","27","32","9","16","0","13","12","18","0","13",
"860Z200US12483","ZCTA5 12483","15","16","0","13","0","13","0","13","0","13","0","13","0","13","8","13","7","11","0","13","0","13","0","13","0","13",
"860Z200US12484","ZCTA5 12484","643","186","0","13","11","17","75","50","86","79","128","93","152","96","28","37","0","13","38","46","0","13","0","13","125","98",
"860Z200US12485","ZCTA5 12485","296","131","14","14","33","26","36","29","56","51","0","13","31","38","22","26","4","6","20","28","8","12","72","75","0","13",
"860Z200US12486","ZCTA5 12486","1040","549","0","13","66","50","279","262","313","322","94","66","73","71","39","38","19","23","62","61","59","43","7","12","29","34",
"860Z200US12487","ZCTA5 12487","1966","481","0","13","13","22","377","226","125","87","270","190","280","179","369","233","22","37","156","123","149","129","126","85","79","49",
"860Z200US12489","ZCTA5 12489","42","64","0","13","0","13","1","6","0","13","0","13","21","32","20","32","0","13","0","13","0","13","0","13","0","13",
"860Z200US12490","ZCTA5 12490","0","13","0","13","0","13","0","13","0","13","0","13","0","13","0","13","0","13","0","13","0","13","0","13","0","13",
"860Z200US12491","ZCTA5 12491","807","190","40","27","36","45","65","36","106","55","166","73","28","45","167","107","8","13","13","21","133","70","45","51","0","13",
"860Z200US12492","ZCTA5 12492","76","48","0","13","0","13","2","4","4","5","27","25","18","21","3","4","0","13","8","7","5","6","0","13","9","13",
"860Z200US12493","ZCTA5 12493","18","29","0","13","0","13","0","13","0","13","0","13","0","13","18","29","0","13","0","13","0","13","0","13","0","13",
"860Z200US12494","ZCTA5 12494","233","139","14","22","65","89","70","71","29","39","7","13","0","13","16","29","0","13","0","13","0","13","32","53","0","13",
"860Z200US12495","ZCTA5 12495","38","47","0","13","12","19","0","13","26","42","0","13","0","13","0","13","0","13","0","13","0","13","0","13","0","13",
"860Z200US12496","ZCTA5 12496","456","109","49","31","61","27","70","43","49","28","74","58","11","18","31","24","6","10","11","8","52","42","38","24","4","6",
"860Z200US12498","ZCTA5 12498","1222","217","64","55","156","84","214","105","102","74","150","79","86","60","105","69","29","34","71","50","114","58","105","59","26","23",
"860Z200US12501","ZCTA5 12501","981","246","80","95","159","87","256","118","64","40","87","59","34","41","170","140","4","7","31","28","44","40","29","30","23","22",
"860Z200US12502","ZCTA5 12502","478","115","77","43","5","6","14","12","17","12","63","30","61","32","78","36","19","15","20","19","74","49","39","34","11","18",
"860Z200US12503","ZCTA5 12503","293","65","45","35","24","13","22","17","38","27","33","19","17","20","18","16","38","33","29","19","4","6","3","5","22","18",
"860Z200US12504","ZCTA5 12504","299","89","31","24","71","42","84","54","52","43","17","22","19","33","0","13","0","13","0","13","14","22","0","13","11","20",
"860Z200US12507","ZCTA5 12507","80","41","0","13","13","12","11","21","0","13","32","33","0","13","14","12","0","13","5","7","0","13","5","7","0","13",
"860Z200US12508","ZCTA5 12508","8100","630","454","203","460","170","775","291","882","308","899","218","290","130","797","226","273","132","703","214","770","241","592","212","1205","338",
"860Z200US12512","ZCTA5 12512","87","64","0","13","11","18","9","13","23","33","0","13","0","13","8","14","0","13","36","52","0","13","0","13","0","13",
"860Z200US12513","ZCTA5 12513","65","55","0","13","0","13","19","31","19","30","10","18","0","13","0","13","0","13","0","13","0","13","17","26","0","13",
"860Z200US12514","ZCTA5 12514","1143","251","34","28","61","41","34","29","62","37","166","98","92","53","265","165","80","67","56","43","128","52","90","44","75","50",
"860Z200US12515","ZCTA5 12515","719","261","0","13","57","69","100","114","126","71","113","91","18","23","88","67","0","13","33","56","49","47","18","29","117","133",
"860Z200US12516","ZCTA5 12516","828","278","111","87","53","35","126","88","28","27","11","13","29","24","111","57","11","17","0","13","209","189","115","94","24","29",
"860Z200US12517","ZCTA5 12517","182","124","0","13","34","41","38","45","52","66","5","11","22","30","8","14","8","14","0","13","15","17","0","13","0","13",
"860Z200US12518","ZCTA5 12518","2807","368","151","83","306","110","274","118","561","165","281","132","200","94","259","116","63","57","135","79","193","105","291","152","93","72",
"860Z200US12520","ZCTA5 12520","1474","194","66","53","141","75","160","76","351","156","180","73","61","44","21","23","86","52","59","36","108","45","57","27","184","81",
"860Z200US12521","ZCTA5 12521","658","215","53","48","47","35","39","27","136","83","112","85","41","48","54","46","12","20","9","14","89","85","56","46","10","8",
"860Z200US12522","ZCTA5 12522","2236","513","145","128","190","119","158","128","172","119","140","97","114","88","374","269","49","44","153","92","379","176","148","96","214","107",
"860Z200US12523","ZCTA5 12523","669","180","16","14","58","36","133","86","54","33","65","35","61","53","124","56","6","6","17","21","121","78","9","10","5","14",
"860Z200US12524","ZCTA5 12524","6694","613","189","126","391","127","987","220","685","164","939","316","276","94","842","207","344","133","313","131","673","207","584","149","471","184",
"860Z200US12525","ZCTA5 12525","653","212","0","13","149","105","36","37","61","59","34","33","40","39","92","82","12","19","55","51","41","41","52","53","81","65",
"860Z200US12526","ZCTA5 12526","1499","192","139","71","219","95","166","78","227","80","232","75","75","36","156","69","19","12","48","27","73","35","74","52","71","39",
"860Z200US12527","ZCTA5 12527","16","26","0","13","0","13","0","13","0","13","0","13","9","14","0","13","0","13","0","13","7","13","0","13","0","13",
"860Z200US12528","ZCTA5 12528","5575","653","173","91","304","151","894","264","1007","347","759","210","256","129","590","194","308","121","173","136","453","199","400","214","258","159",
"860Z200US12529","ZCTA5 12529","998","207","28","23","92","53","117","47","110","73","229","78","65","40","153","67","36","39","24","28","60","33","47","40","37","37",
"860Z200US12530","ZCTA5 12530","63","90","0","13","0","13","0","13","63","90","0","13","0","13","0","13","0","13","0","13","0","13","0","13","0","13",
"860Z200US12531","ZCTA5 12531","1167","305","0","13","10","15","58","53","56","41","179","99","101","56","157","111","65","64","118","102","99","51","260","137","64","54",
"860Z200US12533","ZCTA5 12533","11501","719","159","156","473","141","1006","209","1039","265","1277","238","620","171","1474","240","474","154","879","280","1561","265","1655","273","884","212",
"860Z200US12534","ZCTA5 12534","7363","585","746","272","1846","393","1261","298","725","186","688","194","267","144","293","114","151","103","126","62","538","166","299","134","423","193",
"860Z200US12538","ZCTA5 12538","5660","733","313","161","405","136","766","236","1320","336","695","181","253","125","427","173","25","26","267","137","304","126","445","168","440","206",
"860Z200US12540","ZCTA5 12540","4289","585","43","33","221","88","117","65","465","143","685","260","453","217","296","93","88","58","346","130","602","260","648","217","325","143",
"860Z200US12542","ZCTA5 12542","2515","347","16","21","181","99","141","81","348","199","410","128","181","80","417","153","53","37","203","109","225","107","178","106","162","79",
"860Z200US12543","ZCTA5 12543","1504","213","89","73","47","54","112","64","242","165","177","82","232","98","163","83","12","18","27","39","119","59","96","56","188","90",
"860Z200US12544","ZCTA5 12544","15","24","0","13","0","13","0","13","0","13","15","24","0","13","0","13","0","13","0","13","0","13","0","13","0","13",
"860Z200US12545","ZCTA5 12545","1580","268","222","135","181","80","158","93","231","131","148","77","29","33","174","70","15","19","49","38","170","113","70","39","133","84",
"860Z200US12546","ZCTA5 12546","1094","179","43","33","152","59","222","99","128","79","171","57","4","5","96","76","22","22","19","22","99","54","78","55","60","46",
"860Z200US12547","ZCTA5 12547","1532","322","28","34","81","71","193","86","266","153","122","64","102","58","363","194","33","26","43","33","64","40","76","59","161","93",
"860Z200US12548","ZCTA5 12548","404","160","0","13","49","53","98","70","48","52","29","38","40","32","34","39","14","25","3","13","57","71","32","38","0","13",
"860Z200US12549","ZCTA5 12549","4724","620","49","43","659","340","427","213","797","253","656","212","402","151","335","151","88","54","139","107","211","96","499","191","462","148",
"860Z200US12550","ZCTA5 12550","23441","1216","231","126","2873","623","3156","511","3739","504","3216","611","1283","271","2494","554","446","146","960","304","1824","393","1699","398","1520","338",
"860Z200US12553","ZCTA5 12553","12064","830","396","163","808","244","1479","369","1172","241","1840","360","526","165","1314","276","283","138","483","171","1267","303","1288","323","1208","322",
"860Z200US12561","ZCTA5 12561","6499","585","322","123","953","254","1375","256","373","131","684","216","382","144","720","154","153","96","195","78","723","238","408","199","211","126",
"860Z200US12563","ZCTA5 12563","3095","403","72","37","124","87","383","133","457","188","277","151","95","84","438","133","85","71","98","102","422","143","416","133","228","126",
"860Z200US12564","ZCTA5 12564","3327","334","69","41","499","143","316","102","134","107","364","126","169","65","342","109","98","48","210","85","420","134","520","168","186","99",
"860Z200US12565","ZCTA5 12565","624","210","0","13","47","46","144","82","71","58","219","124","28","30","0","13","0","13","13","23","60","48","42","37","0","13",
"860Z200US12566","ZCTA5 12566","5783","574","87","62","170","102","437","181","390","187","971","358","421","157","920","232","95","79","228","138","568","194","775","264","721","225",
"860Z200US12567","ZCTA5 12567","984","147","20","18","220","73","127","58","64","37","185","82","37","27","41","28","65","57","35","26","119","72","27","23","44","27",
"860Z200US12569","ZCTA5 12569","4724","515","121","76","56","45","339","119","1059","342","665","212","370","151","486","175","138","92","329","186","449","160","293","110","419","142",
"860Z200US12570","ZCTA5 12570","2965","436","90","69","204","155","45","36","281","143","363","121","195","87","296","102","259","108","155","76","294","99","491","197","292","105",
"860Z200US12571","ZCTA5 12571","3714","354","207","82","441","121","631","198","484","113","365","120","241","68","446","125","135","70","165","73","323","119","115","54","161","58",
"860Z200US12572","ZCTA5 12572","3089","312","152","106","478","162","304","105","366","109","251","110","283","92","338","135","143","79","202","107","103","44","87","46","382","125",
"860Z200US12574","ZCTA5 12574","145","84","0","13","0","13","56","58","4","13","41","38","22","34","0","13","0","13","0","13","0","13","0","13","22","25",
"860Z200US12575","ZCTA5 12575","903","336","0","13","31","35","82","76","56","47","190","158","108","86","177","112","0","13","47","49","59","70","41","45","112","84",
"860Z200US12577","ZCTA5 12577","722","293","0","13","37","38","104","109","71","50","94","64","17","26","16","18","0","13","112","140","111","60","63","45","97","53",
"860Z200US12578","ZCTA5 12578","804","138","71","66","49","28","35","22","98","66","79","41","97","49","128","73","22","23","9","11","97","57","40","29","79","46",
"860Z200US12580","ZCTA5 12580","2030","386","7","11","150","97","163","78","200","89","441","250","123","55","465","186","36","37","16","20","148","83","150","97","131","62",
"860Z200US12581","ZCTA5 12581","1032","261","21","34","140","129","56","49","135","65","169","102","54","41","152","96","78","72","23","22","141","86","46","41","17","20",
"860Z200US12582","ZCTA5 12582","2116","308","9","14","81","58","228","166","249","125","201","99","100","71","462","192","47","38","185","105","282","136","206","92","66","54",
"860Z200US12583","ZCTA5 12583","763","147","50","26","99","69","127","50","79","41","65","29","32","28","112","38","21","20","43","22","36","26","78","53","21","19",
"860Z200US12585","ZCTA5 12585","391","186","0","13","55","78","8","13","18","26","47","56","95","73","23","37","12","19","39","35","67","65","6","9","21","17",
"860Z200US12586","ZCTA5 12586","5196","632","3","17","253","131","673","279","1020","261","619","201","698","181","605","199","181","117","247","109","299","125","288","129","310","141",
"860Z200US12589","ZCTA5 12589","6875","842","124","73","324","186","829","213","937","243","918","229","310","124","947","234","367","142","277","117","845","341","555","208","442","210",
"860Z200US12590","ZCTA5 12590","16921","952","430","209","1230","312","1953","322","2417","411","2051","351","1399","359","2109","423","529","191","617","203","1526","253","1815","334","845","213",
"860Z200US12592","ZCTA5 12592","424","176","0","13","36","37","58","42","17","21","126","106","39","39","0","13","26","27","0","13","48","40","53","42","21","22",
"860Z200US12594","ZCTA5 12594","2082","496","0","13","135","128","238","98","233","108","186","153","102","62","134","73","13","23","94","66","383","120","426","218","138","104",
"860Z200US12601","ZCTA5 12601","18877","1181","586","251","2937","527","3079","504","3396","474","1943","548","1017","297","1767","371","338","138","358","156","1153","382","1661","347","642","230",
"860Z200US12603","ZCTA5 12603","18586","918","516","181","2129","378","2701","436","3357","447","2519","503","1006","243","1526","365","351","159","353","135","1433","313","1266","354","1429","356",
"860Z200US12604","ZCTA5 12604","771","236","93","73","209","83","332","115","89","74","25","33","18","22","5","10","0","13","0","13","0","13","0","13","0","13",
"860Z200US12701","ZCTA5 12701","5331","641","448","166","793","257","1576","417","688","241","343","197","299","142","353","160","101","85","58","49","272","155","156","113","244","142",
"860Z200US12719","ZCTA5 12719","390","158","0","13","0","13","16","21","26","31","16","24","36","35","80","91","92","75","0","13","78","70","36","35","10","16",
"860Z200US12720","ZCTA5 12720","219","213","38","44","30","33","0","13","25","31","9","16","10","15","9","13","0","13","0","13","32","35","35","42","31","34",
"860Z200US12721","ZCTA5 12721","3314","607","118","84","50","62","320","163","318","120","793","436","356","154","481","162","155","105","40","39","244","135","209","151","230","102",
"860Z200US12722","ZCTA5 12722","0","13","0","13","0","13","0","13","0","13","0","13","0","13","0","13","0","13","0","13","0","13","0","13","0","13",
"860Z200US12723","ZCTA5 12723","596","298","65","124","84","125","13","12","55","31","39","45","33","21","80","59","85","65","0","13","89","41","25","22","28","21",
"860Z200US12724","ZCTA5 12724","28","30","0","13","0","13","10","12","0","13","0","13","18","28","0","13","0","13","0","13","0","13","0","13","0","13",
"860Z200US12725","ZCTA5 12725","97","48","0","13","9","24","0","13","16","18","22","17","1","2","17","21","0","13","2","3","10","13","9","13","11","11",
"860Z200US12726","ZCTA5 12726","509","187","12","12","45","44","25","17","52","25","26","35","53","49","80","47","23","18","8","9","142","136","28","26","15","11",
"860Z200US12729","ZCTA5 12729","445","167","0","13","0","13","15","24","41","33","13","16","35","26","178","119","0","13","20","21","73","74","38","37","32","39",
"860Z200US12732","ZCTA5 12732","301","112","16","24","22","22","56","41","0","13","25","33","22","21","2","3","28","41","27","33","0","13","6","9","97","69",
"860Z200US12733","ZCTA5 12733","171","88","45","75","87","58","22","33","17","38","0","13","0","13","0","13","0","13","0","13","0","13","0","13","0","13",
"860Z200US12734","ZCTA5 12734","472","325","16","30","58","73","0","13","54","78","6","10","0","13","11","18","13","23","0","13","0","13","204","238","110","118",
"860Z200US12736","ZCTA5 12736","11","16","0","13","6","9","0","13","0","13","0","13","5","14","0","13","0","13","0","13","0","13","0","13","0","13",
"860Z200US12737","ZCTA5 12737","792","270","29","30","36","30","44","28","35","27","116","129","105","72","90","72","39","56","16","22","218","103","14","14","50","34",
"860Z200US12738","ZCTA5 12738","157","100","14","24","46","62","0","13","44","45","0","13","53","63","0","13","0","13","0","13","0","13","0","13","0","13",
"860Z200US12740","ZCTA5 12740","626","170","56","44","15","23","28","29","86","50","151","94","18","19","79","40","42","34","2","4","106","67","38","39","5","6",
"860Z200US12741","ZCTA5 12741","42","37","0","13","0","13","0","13","10","15","21","20","0","13","0","13","9","14","0","13","0","13","0","13","2","9",
"860Z200US12742","ZCTA5 12742","91","84","0","13","39","45","21","38","5","9","0","13","10","14","0","13","0","13","0","13","16","18","0","13","0","13",
"860Z200US12743","ZCTA5 12743","163","89","0","13","25","21","20","28","20","28","0","13","22","19","31","36","0","13","5","7","0","13","21","25","19","23",
"860Z200US12745","ZCTA5 12745","0","13","0","13","0","13","0","13","0","13","0","13","0","13","0","13","0","13","0","13","0","13","0","13","0","13",
"860Z200US12746","ZCTA5 12746","212","88","20","41","19","29","9","19","19","23","6","12","0","13","57","47","5","11","36","34","41","42","0","13","0","13",
"860Z200US12747","ZCTA5 12747","722","224","89","110","30","49","0","13","238","121","70","60","0","13","127","112","48","55","40","54","61","67","19","26","0","13",
"860Z200US12748","ZCTA5 12748","720","221","79","77","135","81","76","52","84","59","84","57","44","33","46","39","7","11","50","53","36","28","2","5","77","64",
"860Z200US12749","ZCTA5 12749","212","146","6","9","0","13","0","13","34","43","127","96","14","24","31","49","0","13","0","13","0","13","0","13","0","13",
"860Z200US12750","ZCTA5 12750","11","10","0","13","4","7","0","13","0","13","0","13","0","13","4","7","0","13","0","13","3","5","0","13","0","13",
"860Z200US12751","ZCTA5 12751","417","162","46","62","109","58","55","54","50","51","115","91","0","13","23","40","0","13","0","13","0","13","19","24","0","13",
"860Z200US12752","ZCTA5 12752","139","76","0","13","0","13","18","25","1","3","13","18","39","53","42","39","3","4","4","6","0","13","9","9","10","11",
"860Z200US12754","ZCTA5 12754","2811","334","102","75","422","157","501","192","570","203","404","139","265","121","107","100","13","17","14","28","227","153","158","140","28","35",
"860Z200US12758","ZCTA5 12758","1477","286","36","30","160","100","198","97","249","190","230","125","126","67","118","77","46","36","45","67","133","94","38","37","98","61",
"860Z200US12759","ZCTA5 12759","531","207","0","13","23","32","200","133","252","163","48","52","0","13","0","13","0","13","8","15","0","13","0","13","0","13",
"860Z200US12760","ZCTA5 12760","121","54","0","13","0","13","6","8","13","11","17","19","4","7","14","17","31","35","24","25","12","11","0","13","0","13",
"860Z200US12762","ZCTA5 12762","116","76","0","13","34","59","25","27","25","40","0","13","0","13","0","13","9","18","0","13","0","13","0","13","23","36",
"860Z200US12763","ZCTA5 12763","144","73","25","27","14","24","6","10","7","11","39","45","4","7","17","26","0","13","0","13","12","19","20","23","0","13",
"860Z200US12764","ZCTA5 12764","592","125","36","20","29","16","25","29","31","20","56","23","10","9","141","72","28","15","66","39","50","26","44","28","76","50",
"860Z200US12765","ZCTA5 12765","419","186","0","13","17","21","54","54","69","62","78","56","41","37","44","35","0","13","0","13","3","6","105","83","8","13",
"860Z200US12766","ZCTA5 12766","237","123","0","13","0","13","0","13","72","77","51","71","53","56","18","27","0","13","0","13","8","12","0","13","35","35",
"860Z200US12767","ZCTA5 12767","107","60","0","13","0","13","9","15","13","19","20","25","26","38","2","5","26","26","8","12","0","13","0","13","3","5",
"860Z200US12768","ZCTA5 12768","191","93","0","13","8","15","0","13","54","46","80","45","23","37","0","13","0","13","0","13","26","44","0","13","0","13",
"860Z200US12769","ZCTA5 12769","127","119","0","13","0","13","0","13","0","13","31","48","0","13","0","13","0","13","0","13","96","107","0","13","0","13",
"860Z200US12770","ZCTA5 12770","48","44","0","13","0","13","6","9","5","8","10","15","0","13","5","7","0","13","15","27","6","9","0","13","1","3",
"860Z200US12771","ZCTA5 12771","6071","532","493","193","883","223","560","179","784","261","520","166","454","164","637","191","338","155","176","99","360","160","395","140","471","138",
"860Z200US12775","ZCTA5 12775","968","226","20","36","91","70","129","94","236","111","151","124","103","65","80","48","22","27","0","13","8","20","66","60","62","61",
"860Z200US12776","ZCTA5 12776","862","189","64","44","110","65","85","51","53","32","51","32","104","64","138","54","34","28","21","22","38","29","53","37","111","73",
"860Z200US12777","ZCTA5 12777","410","121","19","12","11","8","98","61","143","100","64","21","11","8","12","8","11","17","7","7","2","3","6","10","26","19",
"860Z200US12778","ZCTA5 12778","69","62","0","13","0","13","0","13","30","38","9","15","0","13","0","13","0","13","0","13","0","13","0","13","30","47",
"860Z200US12779","ZCTA5 12779","933","292","127","138","0","13","348","194","273","140","47","42","0","13","133","158","0","13","0","13","0","13","0","13","5","9",
"860Z200US12780","ZCTA5 12780","962","279","6","14","0","13","225","129","113","94","143","117","53","41","92","79","64","60","14","22","136","111","94","101","22","27",
"860Z200US12781","ZCTA5 12781","102","99","0","13","20","36","0","13","31","40","23","39","0","13","18","20","10","19","0","13","0","13","0","13","0","13",
"860Z200US12783","ZCTA5 12783","537","189","18","28","53","57","53","44","96","61","131","73","11","17","38","33","7","10","34","38","41","44","7","12","48","48",
"860Z200US12784","ZCTA5 12784","0","13","0","13","0","13","0","13","0","13","0","13","0","13","0","13","0","13","0","13","0","13","0","13","0","13",
"860Z200US12785","ZCTA5 12785","473","343","0","13","57","58","0","13","14","16","94","113","135","162","14","20","0","13","0","13","125","153","0","13","34","46",
"860Z200US12786","ZCTA5 12786","194","119","15","30","52","61","11","16","9","14","10","15","15","24","15","25","0","13","0","13","0","13","0","13","67","77",
"860Z200US12787","ZCTA5 12787","51","80","0","13","24","38","0","13","0","13","0","13","0","13","0","13","27","42","0","13","0","13","0","13","0","13",
"860Z200US12788","ZCTA5 12788","1002","258","0","13","40","75","207","115","237","120","198","104","7","14","35","33","8","13","58","51","53","85","59","52","100","86",
"860Z200US12789","ZCTA5 12789","941","190","55","45","29","29","60","49","146","54","260","110","37","40","61","44","42","33","93","97","35","26","81","45","42","54",
"860Z200US12790","ZCTA5 12790","1549","296","74","65","31","38","240","188","148","83","225","100","81","52","220","133","25","23","41","43","132","94","94","60","238","125",
"860Z200US12791","ZCTA5 12791","224","170","0","13","20","29","0","13","120","125","48","64","0","13","0","13","23","37","0","13","0","13","13","21","0","13",
"860Z200US12792","ZCTA5 12792","85","71","0","13","11","16","0","13","29","29","5","9","0","13","22","39","0","13","0","13","5","9","13","17","0","13",
"860Z200US12801","ZCTA5 12801","7045","355","744","259","1380","234","1454","214","1070","255","431","154","356","105","599","180","124","64","164","73","382","154","216","98","125","66",
"860Z200US12803","ZCTA5 12803","4002","438","31","26","591","228","712","236","642","189","635","176","200","100","332","113","92","63","56","49","376","179","280","192","55","55",
"860Z200US12804","ZCTA5 12804","12728","627","521","214","1906","351","2686","480","2326","403","1672","350","714","192","1083","285","137","65","285","138","662","178","595","167","141","93",
"860Z200US12808","ZCTA5 12808","90","39","9","12","8","9","21","25","14","14","0","13","0","13","3","5","13","13","1","2","8","8","9","11","4","5",
"860Z200US12809","ZCTA5 12809","1506","174","13","17","55","40","123","65","251","111","130","66","151","70","382","150","178","112","69","65","87","54","67","52","0","13",
"860Z200US12810","ZCTA5 12810","196","63","3","5","4","5","3","3","34","33","45","28","10","9","19","14","24","18","18","12","21","14","11","7","4","5",
"860Z200US12811","ZCTA5 12811","52","39","0","13","0","13","7","12","7","11","7","12","6","10","25","23","0","13","0","13","0","13","0","13","0","13",
"860Z200US12812","ZCTA5 12812","19","22","0","13","0","13","0","13","2","3","0","13","0","13","0","13","0","13","0","13","11","14","6","8","0","13",
"860Z200US12814","ZCTA5 12814","538","209","43","40","107","51","57","61","147","136","17","14","43","42","52","43","8","14","12","17","25","25","11","13","16","17",
"860Z200US12815","ZCTA5 12815","511","138","34","37","123","89","37","22","85","56","29","18","13","15","99","40","15","15","30","22","21","17","21","16","4","6",
"860Z200US12816","ZCTA5 12816","1878","189","153","71","248","75","189","72","127","58","90","52","85","42","129","52","127","62","139","52","409","134","164","62","18","13",
"860Z200US12817","ZCTA5 12817","711","151","102","73","64","45","23","21","131","78","62","35","34","26","46","48","43","34","74","76","45","41","57","52","30","27",
"860Z200US12819","ZCTA5 12819","140","46","4","5","10","10","9","6","11","8","29","25","18","24","26","15","7","6","10","6","8","5","0","13","8","8",
"860Z200US12820","ZCTA5 12820","46","44","0","13","0","13","18","27","0","13","14","22","0","13","14","21","0","13","0","13","0","13","0","13","0","13",
"860Z200US12821","ZCTA5 12821","132","111","7","10","0","13","0","13","0","13","16","27","56","61","53","54","0","13","0","13","0","13","0","13","0","13",
"860Z200US12822","ZCTA5 12822","2763","272","132","60","341","122","171","73","242","72","549","149","296","93","464","114","125","60","72","50","161","76","174","72","36","29",
"860Z200US12823","ZCTA5 12823","286","226","0","13","0","13","34","33","60","90","15","21","146","139","6","14","0","13","7","15","18","22","0","13","0","13",
"860Z200US12824","ZCTA5 12824","477","148","19","18","46","41","87","54","46","57","16","15","35","22","42","30","27","37","33","35","23","18","88","74","15","13",
"860Z200US12827","ZCTA5 12827","1680","193","107","66","61","32","247","109","276","107","410","106","130","56","168","79","50","38","44","36","88","45","72","36","27","22",
"860Z200US12828","ZCTA5 12828","4851","581","109","89","380","174","649","248","1159","313","875","248","389","135","414","145","77","56","105","71","402","201","234","132","58","67",
"860Z200US12831","ZCTA5 12831","8168","803","103","63","597","240","1044","236","1861","419","1270","246","739","234","909","283","150","78","211","115","716","215","513","184","55","38",
"860Z200US12832","ZCTA5 12832","2652","348","214","101","413","145","293","94","215","109","165","89","140","73","382","125","209","96","162","76","222","96","158","60","79","42",
"860Z200US12833","ZCTA5 12833","2003","336","97","71","90","77","250","102","511","199","275","164","123","126","195","99","44","50","95","78","213","109","103","93","7","11",
"860Z200US12834","ZCTA5 12834","2851","340","209","77","378","118","321","100","116","49","321","133","235","95","402","192","125","59","55","29","418","151","166","62","105","61",
"860Z200US12835","ZCTA5 12835","851","125","49","38","47","30","97","45","31","15","94","51","31","19","109","43","89","38","90","40","146","47","54","26","14","9",
"860Z200US12836","ZCTA5 12836","132","39","27","20","19","14","31","16","27","15","4","4","2","3","8","7","0","13","0","13","12","11","2","3","0","13",
"860Z200US12837","ZCTA5 12837","377","189","16","13","48","38","55","64","42","39","9","8","2","3","81","72","19","23","35","33","51","47","16","25","3","6",
"860Z200US12838","ZCTA5 12838","236","74","5","8","28","24","20","20","28","20","25","26","27","23","31","24","0","13","13","19","21","26","38","26","0","13",
"860Z200US12839","ZCTA5 12839","6628","524","290","187","1084","298","1093","267","1293","343","892","258","147","98","832","360","136","94","214","139","358","183","225","122","64","57",
"860Z200US12841","ZCTA5 12841","22","10","3","4","4","5","4","4","0","13","2","2","0","13","0","13","2","4","0","13","2","3","2","3","3","4",
"860Z200US12842","ZCTA5 12842","366","124","55","58","94","47","43","25","18","17","73","56","11","13","28","19","2","7","30","35","0","13","8","9","4","6",
"860Z200US12843","ZCTA5 12843","310","113","7","11","0","13","33","30","68","51","47","45","3","6","67","38","12","15","0","13","45","39","14","13","14","16",
"860Z200US12844","ZCTA5 12844","103","55","5","9","38","38","0","13","8","10","42","30","0","13","0","13","0","13","0","13","10","14","0","13","0","13",
"860Z200US12845","ZCTA5 12845","1878","269","29","20","272","102","255","88","378","125","356","134","76","36","174","86","28","22","32","39","156","101","88","41","34","42",
"860Z200US12846","ZCTA5 12846","1566","228","221","194","201","121","33","40","164","90","251","232","95","61","319","175","92","63","31","55","34","62","109","87","16","18",
"860Z200US12847","ZCTA5 12847","245","66","12","10","130","51","3","3","10","9","11","13","0","13","15","11","2","2","11","11","41","25","10","13","0","13",
"860Z200US12849","ZCTA5 12849","184","165","0","13","0","13","71","74","33","53","0","13","0","13","13","22","13","21","38","47","0","13","16","26","0","13",
"860Z200US12850","ZCTA5 12850","1210","257","5","10","25","33","95","59","128","54","182","67","187","81","227","129","38","38","45","43","113","76","156","92","9","9",
"860Z200US12851","ZCTA5 12851","137","45","17","17","27","14","21","17","3","4","28","15","5","6","9","10","7","9","0","13","5","8","6","6","9","8",
"860Z200US12852","ZCTA5 12852","128","43","47","22","35","21","11","16","11","9","9","13","0","13","9","10","0","13","0","13","2","3","2","2","2","3",
"860Z200US12853","ZCTA5 12853","442","154","40","35","30","24","53","54","29","34","34","29","43","43","58","45","24","40","0","13","79","53","30","32","22","22",
"860Z200US12854","ZCTA5 12854","49","58","0","13","0","13","13","21","19","31","0","13","0","13","0","13","0","13","17","30","0","13","0","13","0","13",
"860Z200US12855","ZCTA5 12855","75","34","9","10","11","8","6","10","8","8","19","23","6","6","3","4","0","13","7","8","3","5","2","5","1","2",
"860Z200US12856","ZCTA5 12856","105","72","0","13","14","23","45","44","0","13","0","13","0","13","28","32","0","13","18","20","0","13","0","13","0","13",
"860Z200US12857","ZCTA5 12857","258","60","14","11","44","26","50","30","52","34","26","17","0","13","24","17","3","4","0","13","30","22","10","12","5","4",
"860Z200US12858","ZCTA5 12858","24","32","0","13","8","14","12","19","0","13","4","6","0","13","0","13","0","13","0","13","0","13","0","13","0","13",
"860Z200US12859","ZCTA5 12859","845","249","0","13","34","47","49","49","71","55","236","155","127","98","107","74","8","13","33","37","111","76","51","53","18","24",
"860Z200US12860","ZCTA5 12860","157","84","2","4","0","13","41","37","18","17","30","29","0","13","14","12","8","8","16","17","0","13","19","28","9","14",
"860Z200US12861","ZCTA5 12861","213","45","9","7","22","15","47","21","55","17","10","10","21","12","6","7","0","13","11","6","15","8","5","9","12","8",
"860Z200US12862","ZCTA5 12862","85","54","0","13","0","13","17","28","14","17","0","13","0","13","5","9","0","13","0","13","49","56","0","13","0","13",
"860Z200US12863","ZCTA5 12863","328","185","14","23","0","13","46","44","63","67","12","18","47","62","33","38","13","20","36","43","19","29","45","52","0","13",
"860Z200US12864","ZCTA5 12864","3","5","3","5","0","13","0","13","0","13","0","13","0","13","0","13","0","13","0","13","0","13","0","13","0","13",
"860Z200US12865","ZCTA5 12865","1307","244","93","53","49","25","167","114","198","117","141","56","77","55","108","37","42","27","49","30","209","80","111","51","63","34",
"860Z200US12866","ZCTA5 12866","16721","879","789","238","2198","432","3045","536","1730","297","1796","421","1101","288","1968","382","655","256","1017","345","1431","299","493","194","498","285",
"860Z200US12870","ZCTA5 12870","466","110","58","32","151","75","84","40","35","21","29","32","8","11","35","25","23","21","6","10","10","12","19","21","8","14",
"860Z200US12871","ZCTA5 12871","2111","305","84","39","259","108","121","69","305","85","350","106","210","86","269","101","207","197","122","58","112","48","62","34","10","8",
"860Z200US12872","ZCTA5 12872","103","119","0","13","103","119","0","13","0","13","0","13","0","13","0","13","0","13","0","13","0","13","0","13","0","13",
"860Z200US12873","ZCTA5 12873","312","140","0","13","0","13","17","16","43","18","80","76","19","26","37","28","29","39","17","14","35","27","35","24","0","13",
"860Z200US12874","ZCTA5 12874","48","42","20","22","19","20","0","13","0","13","0","13","0","13","2","3","2","3","0","13","3","4","2","5","0","13",
"860Z200US12878","ZCTA5 12878","217","54","26","22","2","4","8","7","8","7","15","9","6","7","25","14","5","5","18","10","48","23","47","26","9","7",
"860Z200US12883","ZCTA5 12883","2005","268","236","137","403","145","592","215","158","69","91","68","43","43","176","110","0","13","85","84","54","43","37","36","130","78",
"860Z200US12884","ZCTA5 12884","260","90","15","13","7","9","3","4","6","5","59","41","24","11","78","65","3","4","0","13","45","23","18","18","2","3",
"860Z200US12885","ZCTA5 12885","1744","254","356","181","249","118","141","73","143","82","164","67","119","60","169","97","154","87","62","57","72","35","81","46","34","39",
"860Z200US12886","ZCTA5 12886","86","65","0","13","0","13","0","13","0","13","0","13","20","24","54","59","0","13","0","13","5","9","0","13","7","12",
"860Z200US12887","ZCTA5 12887","1819","405","121","71","238","149","201","70","71","39","175","65","68","54","310","134","95","55","136","67","237","100","139","77","28","25",
"860Z200US12901","ZCTA5 12901","14114","762","1165","341","3461","512","3695","428","2520","386","1323","288","369","120","415","144","36","33","157","74","328","135","468","150","177","85",
"860Z200US12903","ZCTA5 12903","662","164","100","73","111","79","218","110","103","77","0","13","38","37","24","28","32","39","8","12","7","12","21","17","0","13",
"860Z200US12910","ZCTA5 12910","589","183","0","13","12","14","16","13","111","74","99","63","172","123","100","60","24","26","19","24","0","13","17","21","19","18",
"860Z200US12911","ZCTA5 12911","0","13","0","13","0","13","0","13","0","13","0","13","0","13","0","13","0","13","0","13","0","13","0","13","0","13",
"860Z200US12912","ZCTA5 12912","808","248","7","11","52","33","206","193","9","10","86","50","28","26","147","60","78","50","47","36","106","52","23","22","19","15",
"860Z200US12913","ZCTA5 12913","471","97","0","13","26","20","135","56","58","33","64","36","67","34","52","27","0","13","12","14","17","17","22","15","18","15",
"860Z200US12914","ZCTA5 12914","299","130","15","16","82","64","45","38","26","39","24","18","71","68","12","13","0","13","9","10","0","13","14","21","1","2",
"860Z200US12915","ZCTA5 12915","30","24","0","13","17","20","5","8","0","13","0","13","8","13","0","13","0","13","0","13","0","13","0","13","0","13",
"860Z200US12916","ZCTA5 12916","831","177","10","5","33","40","102","76","239","110","203","103","88","80","46","25","29","23","23","22","16","15","26","20","16","11",
"860Z200US12917","ZCTA5 12917","440","81","10","9","36","22","76","44","100","36","104","42","20","18","43","27","0","13","0","13","14","9","24","13","13","9",
"860Z200US12918","ZCTA5 12918","1137","290","0","13","108","81","239","122","165","93","204","136","68","55","122","81","103","84","39","56","43","48","24","35","22","34",
"860Z200US12919","ZCTA5 12919","1296","235","180","183","127","73","267","108","64","53","77","85","175","97","223","115","53","49","7","9","74","74","45","36","4","6",
"860Z200US12920","ZCTA5 12920","1001","174","99","41","153","60","80","39","85","34","196","91","61","40","117","38","4","5","20","19","114","52","45","25","27","18",
"860Z200US12921","ZCTA5 12921","1166","247","85","53","162","78","107","71","278","116","287","123","55","51","122","81","22","25","7","12","7","12","14","22","20","24",
"860Z200US12922","ZCTA5 12922","11","8","1","3","0","13","0","13","0","13","3","4","0","13","3","4","0","13","0","13","2","2","0","13","2","3",
"860Z200US12923","ZCTA5 12923","180","59","0","13","7","8","15","16","10","7","9","12","14","9","34","19","11","10","4","5","36","19","39","28","1","4",
"860Z200US12924","ZCTA5 12924","95","82","0","13","0","13","0","13","13","26","0","13","22","32","9","17","0","13","0","13","0","13","51","49","0","13",
"860Z200US12926","ZCTA5 12926","997","162","7","8","132","53","156","53","331","89","116","47","16","23","46","25","33","24","22","18","47","25","55","45","36","23",
"860Z200US12927","ZCTA5 12927","90","54","38","46","3","4","6","10","7","9","5","8","0","13","0","13","6","8","5","7","12","11","5","7","3","4",
"860Z200US12928","ZCTA5 12928","753","177","12","17","96","61","96","96","80","42","71","48","35","47","143","78","0","13","53","42","43","34","101","62","23","26",
"860Z200US12929","ZCTA5 12929","405","124","78","49","46","33","38","35","78","56","61","39","29","28","39","40","10","17","0","13","26","33","0","13","0","13",
"860Z200US12930","ZCTA5 12930","335","90","5","5","7","5","19","11","21","15","29","18","16","10","129","78","2","3","20","17","33","19","30","20","24","17",
"860Z200US12932","ZCTA5 12932","397","129","40","35","160","98","61","31","12","11","11","9","16","16","27","26","0","13","24","16","34","28","12","17","0","13",
"860Z200US12933","ZCTA5 12933","0","13","0","13","0","13","0","13","0","13","0","13","0","13","0","13","0","13","0","13","0","13","0","13","0","13",
"860Z200US12934","ZCTA5 12934","490","112","27","26","41","21","38","32","14","13","46","27","52","26","64","33","74","39","62","36","41","24","23","25","8","9",
"860Z200US12935","ZCTA5 12935","457","139","32","22","12","10","55","40","22","15","46","32","10","10","110","65","45","27","60","51","24","15","15","23","26","17",
"860Z200US12936","ZCTA5 12936","265","68","32","21","37","17","47","23","39","34","46","35","0","13","8","6","2","3","0","13","16","14","25","19","13","14",
"860Z200US12937","ZCTA5 12937","595","162","62","40","67","38","59","33","108","41","207","129","46","38","31","18","8","10","0","13","0","13","7","7","0","13",
"860Z200US12939","ZCTA5 12939","87","41","0","13","11","12","2","3","9","12","29","22","12","15","7","11","7","11","0","13","0","13","10","13","0","13",
"860Z200US12941","ZCTA5 12941","826","208","4","6","79","41","58","36","43","25","43","32","35","33","261","156","47","39","50","32","140","84","8","12","58","62",
"860Z200US12942","ZCTA5 12942","230","85","17","22","58","36","30","20","23","16","30","20","15","14","19","22","0","13","4","5","0","13","12","15","22","29",
"860Z200US12943","ZCTA5 12943","110","57","19","17","38","26","36","27","3","5","0","13","6","8","5","6","0","13","0","13","3","5","0","13","0","13",
"860Z200US12944","ZCTA5 12944","1605","397","125","88","84","45","102","60","314","213","260","104","185","108","310","192","8","12","55","55","83","51","60","47","19","30",
"860Z200US12945","ZCTA5 12945","218","118","0","13","27","32","24","34","45","40","46","32","16","25","54","60","0","13","0","13","6","10","0","13","0","13",
"860Z200US12946","ZCTA5 12946","2307","295","267","141","952","254","435","172","198","123","202","95","106","72","69","76","0","13","10","11","25","34","0","13","43","48",
"860Z200US12950","ZCTA5 12950","364","94","3","4","35","17","48","29","107","39","26","19","35","37","43","34","51","48","10","13","0","13","0","13","6","6",
"860Z200US12952","ZCTA5 12952","78","56","0","13","0","13","5","9","0","13","0","13","0","13","0","13","19","26","19","32","20","23","15","16","0","13",
"860Z200US12953","ZCTA5 12953","4437","541","497","171","1171","353","777","244","459","169","515","167","189","113","123","70","18","26","80","63","288","154","307","131","13","10",
"860Z200US12955","ZCTA5 12955","153","88","0","13","0","13","2","5","0","13","11","10","26","38","5","6","11","8","42","68","40","22","5","7","11","15",
"860Z200US12956","ZCTA5 12956","471","271","0","13","85","91","106","98","45","58","37","64","13","26","0","13","0","13","0","13","84","82","101","92","0","13",
"860Z200US12957","ZCTA5 12957","621","219","23","26","48","46","24","28","168","150","141","95","90","77","58","50","0","13","0","13","25","30","44","47","0","13",
"860Z200US12958","ZCTA5 12958","717","241","32","35","35","36","88","74","206","129","64","67","35","38","74","55","84","68","37","42","19","28","43","40","0","13",
"860Z200US12959","ZCTA5 12959","695","196","0","13","18","26","72","74","29","45","80","74","197","138","40","37","176","150","12","18","15","24","38","56","18","27",
"860Z200US12960","ZCTA5 12960","297","160","9","17","0","13","38","50","0","13","9","20","45","62","30","38","0","13","94","68","42","58","0","13","30","40",
"860Z200US12961","ZCTA5 12961","10","21","0","13","0","13","0","13","0","13","0","13","0","13","10","21","0","13","0","13","0","13","0","13","0","13",
"860Z200US12962","ZCTA5 12962","2017","467","82","70","180","131","377","149","560","176","231","124","291","182","65","49","68","88","65","77","55","43","36","39","7","11",
"860Z200US12964","ZCTA5 12964","13","18","0","13","0","13","0","13","0","13","3","4","0","13","10","14","0","13","0","13","0","13","0","13","0","13",
"860Z200US12965","ZCTA5 12965","85","29","0","13","21","12","7","8","0","13","12","9","0","13","25","13","13","12","0","13","4","5","0","13","3","5",
"860Z200US12966","ZCTA5 12966","1177","192","73","41","105","48","271","102","263","81","175","65","45","30","80","46","16","17","31","29","14","12","62","32","42","35",
"860Z200US12967","ZCTA5 12967","582","122","8","8","62","45","14","11","22","16","109","70","119","49","102","37","44","34","29","27","69","43","4","6","0","13",
"860Z200US12969","ZCTA5 12969","47","27","0","13","0","13","1","3","6","6","22","22","14","13","0","13","3","4","0","13","1","2","0","13","0","13",
"860Z200US12970","ZCTA5 12970","267","85","43","36","90","77","7","7","42","33","4","7","16","13","19","13","4","9","2","3","11","10","29","25","0","13",
"860Z200US12972","ZCTA5 12972","3184","570","185","110","616","339","294","157","872","272","661","336","158","108","82","67","43","55","40","37","31","37","72","79","130","99",
"860Z200US12973","ZCTA5 12973","53","32","0","13","0","13","21","19","19","13","3","6","0","13","0","13","0","13","0","13","5","7","0","13","5","8",
"860Z200US12974","ZCTA5 12974","819","275","66","64","79","52","61","73","43","46","85","60","11","19","128","99","6","11","124","99","26","31","161","134","29","29",
"860Z200US12975","ZCTA5 12975","85","47","1","3","12","13","0","13","0","13","32","24","29","23","2","4","9","14","0","13","0","13","0","13","0","13",
"860Z200US12976","ZCTA5 12976","77","31","0","13","5","10","5","5","9","9","15","14","11","16","0","13","20","16","3","4","2","3","7","7","0","13",
"860Z200US12977","ZCTA5 12977","6","11","0","13","0","13","0","13","6","11","0","13","0","13","0","13","0","13","0","13","0","13","0","13","0","13",
"860Z200US12978","ZCTA5 12978","135","119","0","13","28","43","0","13","16","25","10","18","0","13","81","79","0","13","0","13","0","13","0","13","0","13",
"860Z200US12979","ZCTA5 12979","892","182","70","62","176","85","155","67","49","34","63","81","35","25","207","80","0","13","18","15","49","26","70","40","0","13",
"860Z200US12980","ZCTA5 12980","368","69","0","13","36","27","62","44","14","13","12","11","16","11","86","33","44","26","5","5","46","18","41","23","6","9",
"860Z200US12981","ZCTA5 12981","1073","227","20","29","195","116","92","76","38","40","67","49","120","85","336","121","90","70","3","5","70","54","22","24","20","23",
"860Z200US12983","ZCTA5 12983","3341","327","562","150","774","143","552","167","490","111","270","86","142","74","346","161","46","40","6","5","69","39","68","45","16","18",
"860Z200US12985","ZCTA5 12985","356","149","0","13","14","22","9","9","30","34","115","89","49","54","47","27","30","31","38","39","4","7","20","28","0","13",
"860Z200US12986","ZCTA5 12986","2183","239","211","82","713","168","541","260","146","92","37","27","62","41","131","95","27","31","29","30","157","99","106","62","23","25",
"860Z200US12987","ZCTA5 12987","107","70","4","6","10","10","13","13","0","13","10","17","12","15","0","13","0","13","7","11","18","24","0","13","33","32",
"860Z200US12989","ZCTA5 12989","436","88","3","6","27","18","11","17","92","49","98","43","33","28","94","36","13","13","23","24","28","19","9","8","5","7",
"860Z200US12992","ZCTA5 12992","1774","406","37","37","116","81","427","206","483","170","413","178","21","21","70","59","23","38","0","13","39","30","99","96","46","54",
"860Z200US12993","ZCTA5 12993","574","116","40","22","76","37","77","29","107","57","53","25","17","15","56","34","0","13","51","46","38","22","25","15","34","25",
"860Z200US12996","ZCTA5 12996","955","262","39","31","164","76","164","109","101","61","173","134","25","25","126","48","51","40","16","18","5","9","73","72","18","20",
"860Z200US12997","ZCTA5 12997","625","137","10","9","53","28","13","14","70","55","123","63","25","24","124","58","32","24","54","25","93","47","15","14","13","12",
"860Z200US12998","ZCTA5 12998","106","89","0","13","1","3","0","13","0","13","0","13","0","13","40","47","0","13","0","13","0","13","0","13","65","54",
"860Z200US13020","ZCTA5 13020","49","27","0","13","8","7","0","13","0","13","10","16","4","6","27","13","0","13","0","13","0","13","0","13","0","13",
"860Z200US13021","ZCTA5 13021","15918","654","866","234","3631","432","3381","491","2260","323","1365","259","523","137","1125","266","309","170","582","167","1218","248","344","118","314","157",
"860Z200US13024","ZCTA5 13024","0","13","0","13","0","13","0","13","0","13","0","13","0","13","0","13","0","13","0","13","0","13","0","13","0","13",
"860Z200US13026","ZCTA5 13026","892","178","184","68","219","126","91","36","68","36","92","32","20","13","74","34","47","22","14","12","46","21","18","13","19","24",
"860Z200US13027","ZCTA5 13027","15435","827","366","210","1611","296","1096","250","2165","412","3627","509","2629","370","1580","265","633","204","351","124","421","129","366","160","590","251",
"860Z200US13028","ZCTA5 13028","294","143","0","13","0","13","21","24","9","13","11","11","0","13","60","58","40","49","12","19","81","89","60","69","0","13",
"860Z200US13029","ZCTA5 13029","3097","502","93","70","300","118","293","119","727","243","682","237","447","254","341","182","17","21","97","59","22","25","46","42","32","30",
"860Z200US13030","ZCTA5 13030","1567","371","152","102","19","22","151","90","227","116","467","163","199","85","215","115","8","9","29","24","19","25","34","40","47","48",
"860Z200US13031","ZCTA5 13031","7023","609","229","103","705","227","750","182","1321","262","1910","336","700","134","686","173","55","48","52","38","210","107","136","120","269","153",
"860Z200US13032","ZCTA5 13032","5539","415","83","38","361","102","636","168","889","229","773","277","522","255","1131","341","256","93","377","179","272","93","142","73","97","61",
"860Z200US13033","ZCTA5 13033","1554","188","94","46","90","37","130","49","87","36","177","55","126","44","293","79","174","86","134","43","204","79","21","17","24","16",
"860Z200US13034","ZCTA5 13034","971","149","18","13","43","22","181","75","226","82","230","85","73","41","63","26","43","26","3","5","71","27","13","9","7","7",
"860Z200US13035","ZCTA5 13035","3395","315","141","48","401","102","476","163","344","152","236","79","211","80","629","143","204","64","262","108","298","102","177","99","16","13",
"860Z200US13036","ZCTA5 13036","4257","404","167","90","391","175","282","112","297","92","690","141","837","243","941","172","125","65","118","70","155","76","173","71","81","39",
"860Z200US13037","ZCTA5 13037","3791","470","114","79","310","117","339","115","334","96","564","136","419","117","922","236","164","76","254","120","197","81","147","93","27","23",
"860Z200US13039","ZCTA5 13039","8221","497","180","97","656","166","1323","296","1817","279","2224","305","524","144","568","151","88","69","276","119","347","119","174","70","44","39",
"860Z200US13040","ZCTA5 13040","1205","179","79","39","68","26","72","33","91","42","212","87","87","32","123","38","34","25","70","28","174","78","156","55","39","24",
"860Z200US13041","ZCTA5 13041","5512","495","101","71","283","102","677","207","1585","269","1419","321","553","171","313","96","151","123","58","51","169","92","123","69","80","56",
"860Z200US13042","ZCTA5 13042","973","245","15","14","53","44","16","17","45","42","9","8","148","112","108","67","65","55","110","81","295","112","69","47","40","42",
"860Z200US13044","ZCTA5 13044","1209","215","3","4","10","13","0","13","78","72","87","67","167","103","223","103","106","80","131","98","114","153","224","101","66","70",
"860Z200US13045","ZCTA5 13045","13012","726","786","232","3305","462","3037","409","1562","324","753","173","307","110","916","221","436","164","566","205","1020","277","238","114","86","40",
"860Z200US13051","ZCTA5 13051","37","55","0","13","0","13","37","55","0","13","0","13","0","13","0","13","0","13","0","13","0","13","0","13","0","13",
"860Z200US13052","ZCTA5 13052","762","203","91","67","109","53","10","8","58","37","61","37","62","39","92","40","55","33","18","14","144","59","47","24","15","8",
"860Z200US13053","ZCTA5 13053","1815","264","29","29","222","134","268","111","253","90","393","99","211","78","240","91","29","30","18","18","48","26","86","61","18","18",
"860Z200US13054","ZCTA5 13054","582","215","4","8","41","32","129","80","73","62","109","128","58","46","38","32","25","27","54","32","31","42","20","29","0","13",
"860Z200US13057","ZCTA5 13057","7093","531","292","118","1152","281","1799","320","1771","280","1023","207","150","66","370","135","56","48","147","81","82","53","136","58","115","71",
"860Z200US13060","ZCTA5 13060","1061","195","36","26","26","20","36","28","249","90","163","68","241","169","86","54","65","41","89","70","42","33","20","20","8","10",
"860Z200US13061","ZCTA5 13061","291","70","17","16","15","13","56","47","50","28","29","22","10","10","5","8","27","17","43","21","33","22","0","13","6","10",
"860Z200US13062","ZCTA5 13062","104","100","0","13","45","49","13","20","31","44","15","24","0","13","0","13","0","13","0","13","0","13","0","13","0","13",
"860Z200US13063","ZCTA5 13063","954","192","33","17","54","27","166","126","102","53","147","76","113","54","190","76","98","89","21","12","25","24","4","4","1","3",
"860Z200US13065","ZCTA5 13065","72","100","0","13","0","13","0","13","34","51","0","13","0","13","0","13","0","13","0","13","38","53","0","13","0","13",
"860Z200US13066","ZCTA5 13066","5599","508","54","39","633","187","722","195","1389","307","1376","359","530","148","284","107","161","95","63","46","251","111","70","51","66","52",
"860Z200US13068","ZCTA5 13068","2072","299","146","123","164","62","328","118","588","152","463","145","140","79","140","80","0","13","15","16","46","30","34","28","8","13",
"860Z200US13069","ZCTA5 13069","10521","656","536","283","1545","323","1252","263","1081","267","1101","240","1029","244","1805","294","856","277","573","167","475","176","187","107","81","52",
"860Z200US13071","ZCTA5 13071","349","72","28","16","25","17","18","15","33","20","62","29","26","14","107","49","31","19","3","5","8","8","8","8","0","13",
"860Z200US13072","ZCTA5 13072","372","79","6","6","15","14","14","13","16","14","108","42","33","25","49","25","10","8","12","8","45","28","57","26","7","6",
"860Z200US13073","ZCTA5 13073","2783","395","66","35","189","81","425","202","424","157","483","172","301","120","417","156","80","42","117","83","140","52","117","83","24","22",
"860Z200US13074","ZCTA5 13074","1877","270","54","44","72","47","317","150","215","89","184","102","178","116","132","52","106","63","228","92","304","105","43","32","44","32",
"860Z200US13076","ZCTA5 13076","1154","266","9","15","8","13","78","56","101","65","152","92","62","48","478","144","16","18","71","113","49","47","116","83","14","21",
"860Z200US13077","ZCTA5 13077","3301","371","165","73","346","134","350","111","685","191","494","176","43","18","413","189","193","200","71","37","383","141","143","86","15","11",
"860Z200US13078","ZCTA5 13078","4044","436","41","38","305","112","807","154","1369","251","644","156","267","172","216","85","57","45","136","67","64","39","66","45","72","102",
"860Z200US13080","ZCTA5 13080","1692","304","63","53","106","51","201","100","240","94","275","97","97","54","390","140","101","48","66","40","114","89","35","26","4","7",
"860Z200US13081","ZCTA5 13081","482","93","87","45","20","12","59","24","15","12","37","27","86","40","95","45","5","7","25","27","48","25","0","13","5","6",
"860Z200US13082","ZCTA5 13082","1824","297","2","5","155","61","225","83","437","121","627","183","99","54","110","92","21","23","60","36","25","29","30","25","33","36",
"860Z200US13083","ZCTA5 13083","976","184","60","46","71","47","46","21","121","70","136","77","95","76","146","96","51","25","61","23","132","53","44","33","13","10",
"860Z200US13084","ZCTA5 13084","1844","327","34","32","75","58","212","141","320","198","553","238","186","102","274","140","20","32","53","64","3","7","76","79","38","41",
"860Z200US13087","ZCTA5 13087","76","84","0","13","17","20","0","13","33","53","2","3","0","13","8","9","0","13","16","28","0","13","0","13","0","13",
"860Z200US13088","ZCTA5 13088","10125","712","418","188","1160","271","2780","393","2210","301","1902","297","484","139","495","154","147","76","20","33","301","162","92","68","116","78",
"860Z200US13090","ZCTA5 13090","13938","704","240","76","1237","227","2024","300","3038","422","3465","447","1499","323","1400","297","123","68","146","79","338","121","289","137","139","85",
"860Z200US13092","ZCTA5 13092","1060","162","15","13","133","52","63","22","122","53","227","88","72","32","250","129","24","13","41","25","82","34","27","15","4","5",
"860Z200US13101","ZCTA5 13101","981","184","29","27","86","50","209","70","205","70","159","66","52","28","124","101","8","7","52","41","39","22","8","9","10","17",
"860Z200US13102","ZCTA5 13102","52","63","0","13","19","29","23","33","0","13","0","13","0","13","0","13","0","13","0","13","0","13","10","16","0","13",
"860Z200US13103","ZCTA5 13103","83","60","0","13","16","19","51","50","0","13","0","13","0","13","7","14","0","13","0","13","2","12","0","13","7","12",
"860Z200US13104","ZCTA5 13104","7284","587","320","219","897","267","682","148","1225","278","1689","226","877","153","956","223","125","71","173","112","129","73","153","92","58","42",
"860Z200US13108","ZCTA5 13108","2555","243","106","56","293","112","296","87","265","72","359","84","351","88","540","137","50","23","98","45","101","50","58","37","38","28",
"860Z200US13110","ZCTA5 13110","1109","218","16","13","23","20","76","48","146","52","75","39","73","46","243","86","191","77","117","54","54","27","66","39","29","22",
"860Z200US13111","ZCTA5 13111","619","183","0","13","31","21","19","16","37","29","64","36","66","59","124","92","31","23","103","57","103","60","30","39","11","13",
"860Z200US13112","ZCTA5 13112","807","326","4","10","92","81","47","39","84","54","306","185","137","110","65","43","12","14","0","13","30","46","22","25","8","14",
"860Z200US13113","ZCTA5 13113","24","21","0","13","10","9","0","13","8","13","3","4","3","3","0","13","0","13","0","13","0","13","0","13","0","13",
"860Z200US13114","ZCTA5 13114","3121","313","259","164","383","135","314","182","340","118","453","130","174","93","316","110","187","67","102","57","400","123","141","66","52","40",
"860Z200US13115","ZCTA5 13115","90","47","7","10","0","13","16","16","26","17","8","11","0","13","12","13","0","13","0","13","19","16","2","5","0","13",
"860Z200US13116","ZCTA5 13116","1567","222","35","44","119","81","473","184","340","131","307","133","108","72","98","62","0","13","30","37","20","33","0","13","37","39",
"860Z200US13117","ZCTA5 13117","120","40","5","6","14","14","4","6","23","35","22","21","10","12","4","6","2","3","25","27","0","13","4","5","7","9",
"860Z200US13118","ZCTA5 13118","2246","216","208","73","177","50","250","93","171","45","265","86","170","57","470","88","155","68","107","49","189","56","52","20","32","18",
"860Z200US13119","ZCTA5 13119","0","13","0","13","0","13","0","13","0","13","0","13","0","13","0","13","0","13","0","13","0","13","0","13","0","13",
"860Z200US13120","ZCTA5 13120","972","188","33","24","22","20","140","74","282","122","293","86","26","24","130","80","0","13","46","70","0","13","0","13","0","13",
"860Z200US13121","ZCTA5 13121","0","13","0","13","0","13","0","13","0","13","0","13","0","13","0","13","0","13","0","13","0","13","0","13","0","13",
"860Z200US13122","ZCTA5 13122","394","110","43","33","37","30","3","5","28","25","85","56","16","19","41","27","20","20","50","39","67","48","4","6","0","13",
"860Z200US13123","ZCTA5 13123","0","13","0","13","0","13","0","13","0","13","0","13","0","13","0","13","0","13","0","13","0","13","0","13","0","13",
"860Z200US13124","ZCTA5 13124","33","12","2","4","3","3","8","6","0","13","5","5","0","13","6","6","2","3","0","13","2","3","2","2","3","4",
"860Z200US13126","ZCTA5 13126","14828","771","908","207","3029","365","3086","446","2466","355","1448","243","654","193","825","205","475","298","384","149","964","244","384","168","205","96",
"860Z200US13131","ZCTA5 13131","1246","209","42","20","153","86","74","34","116","41","90","45","40","30","199","61","183","63","115","82","140","44","70","34","24","29",
"860Z200US13132","ZCTA5 13132","1669","338","113","68","113","113","233","115","365","251","257","98","166","94","233","106","77","50","29","30","75","55","8","15","0","13",
"860Z200US13134","ZCTA5 13134","100","111","0","13","0","13","0","13","4","5","79","111","0","13","0","13","0","13","4","5","8","14","5","7","0","13",
"860Z200US13135","ZCTA5 13135","2360","302","41","27","237","106","384","117","322","107","321","103","406","140","372","79","37","29","26","26","115","54","12","11","87","80",
"860Z200US13136","ZCTA5 13136","108","37","2","5","12","11","9","8","0","13","3","3","12","10","39","19","7","7","11","10","6","9","3","5","4","7",
"860Z200US13138","ZCTA5 13138","48","70","0","13","0","13","14","22","0","13","30","47","0","13","0","13","0","13","0","13","4","6","0","13","0","13",
"860Z200US13140","ZCTA5 13140","1871","224","51","29","71","29","189","60","415","93","338","93","163","50","223","105","121","51","88","39","79","24","86","62","47","30",
"860Z200US13141","ZCTA5 13141","274","86","23","19","20","19","8","9","43","23","25","15","31","26","39","25","7","7","32","20","31","24","13","12","2","3",
"860Z200US13142","ZCTA5 13142","2437","382","51","32","368","123","251","89","282","156","177","62","144","98","228","94","195","88","113","74","343","115","102","56","183","117",
"860Z200US13143","ZCTA5 13143","968","183","68","37","124","40","109","44","38","26","62","34","63","35","181","67","24","18","94","51","132","47","44","31","29","30",
"860Z200US13144","ZCTA5 13144","387","90","1","4","59","41","93","34","17","15","33","20","2","4","44","31","20","16","26","16","70","36","10","9","12","10",
"860Z200US13145","ZCTA5 13145","451","123","34","35","43","26","61","61","53","52","32","21","14","15","57","47","16","13","7","13","71","36","59","49","4","7",
"860Z200US13146","ZCTA5 13146","818","131","26","37","73","32","82","39","106","44","162","73","67","36","82","28","71","46","29","18","63","34","40","28","17","12",
"860Z200US13147","ZCTA5 13147","386","103","32","37","22","15","51","56","51","33","57","23","49","31","63","28","4","5","7","7","28","19","22","16","0","13",
"860Z200US13148","ZCTA5 13148","4925","342","381","124","1103","276","844","187","532","168","827","150","229","73","379","133","130","71","95","63","170","70","183","82","52","65",
"860Z200US13152","ZCTA5 13152","2662","315","214","87","472","254","363","94","351","95","116","40","126","37","417","95","202","59","136","50","150","67","76","37","39","25",
"860Z200US13153","ZCTA5 13153","98","75","0","13","0","13","0","13","0","13","23","36","39","46","28","41","0","13","0","13","8","13","0","13","0","13",
"860Z200US13154","ZCTA5 13154","23","32","0","13","0","13","0","13","11","15","0","13","0","13","0","13","0","13","0","13","12","17","0","13","0","13",
"860Z200US13155","ZCTA5 13155","228","49","24","14","9","9","6","5","15","14","10","9","8","4","64","22","14","13","12","11","17","15","35","20","14","11",
"860Z200US13156","ZCTA5 13156","929","238","9","10","132","78","126","61","51","36","97","52","95","64","82","72","5","9","62","36","147","80","123","50","0","13",
"860Z200US13157","ZCTA5 13157","171","88","0","13","0","13","0","13","11","14","30","23","10","17","33","30","0","13","34","41","26","32","27","32","0","13",
"860Z200US13158","ZCTA5 13158","616","114","35","23","63","30","40","32","67","27","80","29","47","26","76","50","52","38","28","19","96","43","28","19","4","5",
"860Z200US13159","ZCTA5 13159","2336","240","80","29","217","69","199","69","149","54","276","63","465","122","480","94","129","77","60","28","143","55","96","51","42","27",
"860Z200US13160","ZCTA5 13160","902","169","122","53","123","79","83","34","179","85","130","37","40","32","70","30","13","13","23","19","52","39","59","21","8","12",
"860Z200US13162","ZCTA5 13162","163","146","0","13","2","4","0","13","0","13","131","148","3","5","0","13","11","19","11","19","3","5","2","5","0","13",
"860Z200US13163","ZCTA5 13163","98","42","3","5","27","19","7","7","0","13","13","11","2","3","22","16","22","20","0","13","0","13","0","13","2","4",
"860Z200US13164","ZCTA5 13164","1133","297","47","35","27","33","182","87","316","164","232","96","193","128","57","35","22","24","0","13","0","13","44","43","13","19",
"860Z200US13165","ZCTA5 13165","3887","396","145","69","602","158","864","194","700","165","607","169","128","54","228","97","45","31","90","55","240","101","161","91","77","57",
"860Z200US13166","ZCTA5 13166","2685","239","108","56","249","82","118","51","668","160","317","83","209","70","436","154","242","123","60","52","144","61","72","32","62","29",
"860Z200US13167","ZCTA5 13167","1371","275","0","13","114","76","100","88","64","43","145","78","166","75","318","119","126","77","137","81","128","74","57","39","16","18",
"860Z200US13202","ZCTA5 13202","2429","370","84","65","388","137","753","257","430","151","379","135","47","54","114","56","0","19","88","65","116","81","30","34","0","19",
"860Z200US13203","ZCTA5 13203","6564","596","304","172","673","216","1666","386","1686","244","956","328","139","96","592","197","28","24","149","98","226","110","58","45","87","81",
"860Z200US13204","ZCTA5 13204","7525","607","245","133","1012","208","1867","304","1833","285","1232","285","187","103","535","198","64","50","57","36","180","106","217","83","96","64",
"860Z200US13205","ZCTA5 13205","5932","550","84","56","573","221","1601","404","1654","311","972","280","206","109","464","156","80","61","14","17","146","62","49","44","89","78",
"860Z200US13206","ZCTA5 13206","7646","722","211","118","1402","374","2208","426","1702","325","933","275","300","106","426","228","29","32","71","57","153","90","169","85","42","38",
"860Z200US13207","ZCTA5 13207","5237","483","156","111","644","167","1154","252","1327","271","1038","256","230","87","381","145","101","66","65","51","65","36","29","24","47","34",
"860Z200US13208","ZCTA5 13208","8549","826","159","86","756","288","2335","388","2642","406","1118","253","368","173","467","198","65","67","207","106","207","115","134","78","91","73",
"860Z200US13209","ZCTA5 13209","5696","530","130","83","625","190","1018","246","1349","248","1230","243","371","163","292","102","53","46","28","25","192","101","246","96","162","129",
"860Z200US13210","ZCTA5 13210","7821","635","226","132","1375","275","1945","312","2188","396","945","245","266","129","412","197","55","38","109","59","127","67","103","55","70","91",
"860Z200US13211","ZCTA5 13211","2950","421","143","90","339","131","558","158","909","200","361","137","214","138","207","122","0","19","0","19","163","98","56","48","0","19",
"860Z200US13212","ZCTA5 13212","9358","550","242","117","1187","208","1641","277","2746","386","1814","263","480","156","344","97","112","77","90","64","346","147","335","224","21","20",
"860Z200US13214","ZCTA5 13214","3521","489","207","138","550","214","835","220","1041","258","450","205","52","49","76","49","23","36","33","41","111","107","107","93","36","37",
"860Z200US13215","ZCTA5 13215","6363","572","86","60","764","234","838","236","1116","185","1499","319","685","158","645","179","71","50","182","91","185","140","174","87","118","77",
"860Z200US13219","ZCTA5 13219","7119","596","202","96","849","252","1152","264","1614","336","1927","292","440","149","490","188","80","69","70","53","133","58","86","59","76","67",
"860Z200US13224","ZCTA5 13224","3591","562","82","58","542","210","1205","372","1004","228","339","165","31","31","114","86","11","22","113","99","13","15","74","65","63","71",
"860Z200US13244","ZCTA5 13244","1528","245","118","61","501","140","331","135","236","102","64","42","95","83","89","85","0","19","18","23","8","13","5","11","63","44",
"860Z200US13290","ZCTA5 13290","0","13","0","13","0","13","0","13","0","13","0","13","0","13","0","13","0","13","0","13","0","13","0","13","0","13",
"860Z200US13301","ZCTA5 13301","40","37","0","13","0","13","0","13","0","13","0","13","0","13","15","17","0","13","18","27","7","11","0","13","0","13",
"860Z200US13302","ZCTA5 13302","541","108","0","13","33","19","79","34","43","22","40","19","5","6","43","26","23","18","80","51","120","53","67","32","8","10",
"860Z200US13303","ZCTA5 13303","546","174","5","7","48","35","17","14","56","23","162","87","68","92","66","30","14","11","14","12","28","18","65","57","3","4",
"860Z200US13304","ZCTA5 13304","717","203","0","13","13","17","57","47","236","136","132","70","40","30","143","87","12","14","0","13","28","40","51","40","5","8",
"860Z200US13305","ZCTA5 13305","102","70","8","12","9","13","0","13","20","18","37","30","0","13","23","25","0","13","0","13","0","13","0","13","5","7",
"860Z200US13308","ZCTA5 13308","1642","396","50","56","59","43","14","24","366","173","164","78","282","145","479","199","34","31","64","82","111","76","19","31","0","13",
"860Z200US13309","ZCTA5 13309","2738","198","140","55","497","120","331","155","137","49","133","48","78","41","246","79","155","83","216","91","505","168","207","71","93","68",
"860Z200US13310","ZCTA5 13310","577","286","0","13","0","13","0","13","59","77","197","167","62","58","109","76","0","13","66","68","84","72","0","13","0","13",
"860Z200US13312","ZCTA5 13312","104","45","16","21","0","13","5","6","12","12","6","8","12","14","9","12","0","13","0","13","10","14","21","19","13","16",
"860Z200US13313","ZCTA5 13313","240","107","10","11","13","10","0","13","7","9","33","21","13","11","141","102","6","8","0","13","13","13","4","6","0","13",
"860Z200US13314","ZCTA5 13314","33","21","4","5","9","8","0","13","5","7","2","3","2","4","11","11","0","13","0","13","0","13","0","13","0","13",
"860Z200US13315","ZCTA5 13315","440","101","0","13","16","11","100","42","50","29","25","17","41","28","61","29","55","44","30","16","34","21","6","8","22","18",
"860Z200US13316","ZCTA5 13316","2003","277","159","80","335","136","218","108","67","34","85","43","86","47","253","76","96","51","83","45","474","135","126","61","21","26",
"860Z200US13317","ZCTA5 13317","1533","186","126","65","207","82","72","36","60","40","157","74","77","40","208","93","142","110","80","48","177","63","187","64","40","24",
"860Z200US13318","ZCTA5 13318","530","113","0","13","73","54","99","52","44","44","137","37","75","40","44","29","7","7","16","24","11","9","7","9","17","18",
"860Z200US13319","ZCTA5 13319","405","255","0","13","128","145","145","113","46","59","79","98","0","13","0","13","0","13","0","13","7","17","0","13","0","13",
"860Z200US13320","ZCTA5 13320","842","153","16","14","63","49","22","20","146","82","195","76","111","47","149","46","32","26","0","13","59","31","35","30","14","17",
"860Z200US13321","ZCTA5 13321","277","114","8","15","24","35","33","41","74","60","0","13","6","11","34","51","22","36","0","13","76","75","0","13","0","13",
"860Z200US13322","ZCTA5 13322","491","139","19","13","84","60","33","25","59","27","139","53","57","35","41","26","20","17","4","5","12","16","10","14","13","20",
"860Z200US13323","ZCTA5 13323","4620","486","253","80","776","254","1085","410","767","200","862","204","323","131","160","70","125","122","20","28","121","54","41","31","87","49",
"860Z200US13324","ZCTA5 13324","633","113","2","3","29","17","99","43","31","21","43","27","51","26","167","69","48","26","43","23","73","29","10","7","37","22",
"860Z200US13325","ZCTA5 13325","416","92","66","34","16","10","88","34","15","8","60","34","35","16","36","20","3","4","10","6","47","26","27","13","13","13",
"860Z200US13326","ZCTA5 13326","1735","234","128","56","397","128","438","114","254","80","86","41","104","74","135","76","11","14","2","4","85","37","68","47","27","23",
"860Z200US13327","ZCTA5 13327","989","169","77","46","107","74","136","57","175","68","121","60","69","48","134","54","2","3","38","33","53","35","45","33","32","23",
"860Z200US13328","ZCTA5 13328","732","152","39","32","62","44","54","32","89","40","123","49","146","82","186","74","5","8","4","8","10","12","14","14","0","13",
"860Z200US13329","ZCTA5 13329","1390","174","232","85","104","51","122","56","121","55","123","63","82","40","174","62","35","24","122","60","176","70","89","44","10","8",
"860Z200US13331","ZCTA5 13331","41","32","0","13","9","13","5","7","0","13","7","9","3","5","0","13","0","13","0","13","5","8","9","13","3","5",
"860Z200US13332","ZCTA5 13332","1032","192","85","48","182","93","183","59","134","83","134","73","76","57","96","46","18","16","23","21","57","36","36","35","8","7",
"860Z200US13333","ZCTA5 13333","26","18","2","3","0","13","0","13","16","18","6","7","0","13","0","13","0","13","0","13","0","13","2","4","0","13",
"860Z200US13334","ZCTA5 13334","388","152","10","18","20","20","122","86","43","34","31","26","4","5","5","8","9","10","18","26","44","37","82","66","0","13",
"860Z200US13335","ZCTA5 13335","530","107","18","15","132","50","62","29","60","38","35","18","35","18","38","21","48","37","31","23","64","31","4","5","3","4",
"860Z200US13337","ZCTA5 13337","354","132","0","13","51","56","38","30","62","48","100","69","0","13","8","10","0","13","40","42","0","13","0","13","55","38",
"860Z200US13338","ZCTA5 13338","463","148","6","8","32","26","15","13","28","21","38","21","4","6","131","97","78","39","25","16","93","42","6","8","7","7",
"860Z200US13339","ZCTA5 13339","2472","352","126","55","314","98","336","136","351","145","165","82","92","48","425","142","157","78","77","37","193","78","172","103","64","46",
"860Z200US13340","ZCTA5 13340","3403","349","103","59","217","80","408","138","775","281","788","180","226","77","409","157","92","66","110","79","105","59","55","37","115","69",
"860Z200US13342","ZCTA5 13342","77","63","8","9","0","13","16","18","2","3","5","7","0","13","43","45","0","13","3","5","0","13","0","13","0","13",
"860Z200US13343","ZCTA5 13343","664","116","32","22","78","56","172","59","121","42","71","28","19","16","14","10","0","13","11","9","19","17","48","27","79","64",
"860Z200US13345","ZCTA5 13345","70","37","6","8","5","6","0","13","0","13","9","8","0","13","27","29","0","13","0","13","13","10","0","13","10","15",
"860Z200US13346","ZCTA5 13346","2066","333","162","65","716","187","302","115","403","156","58","37","195","163","80","48","52","42","40","39","25","20","18","13","15","14",
"860Z200US13348","ZCTA5 13348","696","175","2","5","23","19","102","57","230","73","166","100","21","22","61","36","24","20","15","14","24","22","0","13","28","45",
"860Z200US13350","ZCTA5 13350","4377","368","356","200","1159","266","541","168","356","155","381","174","442","294","577","168","59","56","35","42","301","190","79","81","91","86",
"860Z200US13352","ZCTA5 13352","3","6","0","13","0","13","0","13","0","13","0","13","0","13","3","6","0","13","0","13","0","13","0","13","0","13",
"860Z200US13353","ZCTA5 13353","17","14","5","7","2","2","0","13","0","13","4","6","0","13","1","3","0","13","0","13","3","5","1","3","1","3",
"860Z200US13354","ZCTA5 13354","1251","211","120","72","131","59","91","46","277","105","242","96","139","85","138","61","59","58","7","11","13","18","20","20","14","15",
"860Z200US13355","ZCTA5 13355","645","256","0","13","0","13","69","47","133","89","117","104","34","32","196","162","51","62","18","16","3","4","14","19","10","14",
"860Z200US13357","ZCTA5 13357","4294","441","184","132","911","304","413","130","712","210","341","160","599","211","398","182","185","117","145","103","154","102","183","128","69","84",
"860Z200US13360","ZCTA5 13360","92","76","50","41","4","6","17","16","9","15","0","13","0","13","3","5","0","13","9","15","0","13","0","13","0","13",
"860Z200US13361","ZCTA5 13361","285","100","10","9","26","22","24","21","49","28","29","21","36","21","9","8","6","10","24","20","41","27","7","13","24","17",
"860Z200US13363","ZCTA5 13363","998","205","0","13","83","67","127","101","222","91","136","80","53","47","200","93","26","26","50","36","47","35","45","55","9","15",
"860Z200US13364","ZCTA5 13364","149","100","0","13","34","45","10","15","0","13","11","18","22","28","34","50","0","13","0","13","0","13","0","13","38","51",
"860Z200US13365","ZCTA5 13365","3235","287","280","94","635","177","398","127","494","128","259","102","167","79","238","63","259","87","164","82","193","85","81","40","67","47",
"860Z200US13367","ZCTA5 13367","3490","296","675","208","693","196","558","123","380","83","409","118","122","67","174","55","23","23","108","94","214","95","61","42","73","44",
"860Z200US13368","ZCTA5 13368","449","89","32","29","44","24","54","24","115","37","59","30","3","7","35","23","0","13","7","11","48","23","29","20","23","17",
"860Z200US13402","ZCTA5 13402","511","172","28","40","94","93","35","26","73","38","13","13","6","8","124","87","60","53","37","34","28","33","7","10","6","9",
"860Z200US13403","ZCTA5 13403","2356","438","89","68","355","208","628","234","778","260","139","99","0","19","160","118","48","57","0","19","30","36","53","50","76","71",
"860Z200US13404","ZCTA5 13404","53","26","0","13","20","14","17","14","8","10","4","6","0","13","4","5","0","13","0","13","0","13","0","13","0","13",
"860Z200US13406","ZCTA5 13406","253","71","3","4","12","10","32","22","23","19","31","22","41","23","63","29","13","16","0","13","0","13","4","5","31","32",
"860Z200US13407","ZCTA5 13407","2029","232","145","69","236","87","283","73","304","97","139","68","95","64","208","84","278","196","90","56","85","40","110","60","56","32",
"860Z200US13408","ZCTA5 13408","1056","186","41","25","282","86","125","70","201","68","169","70","22","25","44","29","32","23","20","18","90","50","16","15","14","15",
"860Z200US13409","ZCTA5 13409","1025","149","48","32","151","59","150","45","188","64","131","41","56","26","57","36","40","20","30","18","78","35","51","32","45","29",
"860Z200US13410","ZCTA5 13410","199","72","6","7","80","39","13","12","3","4","11","10","0","13","11","13","9","14","3","5","26","23","34","25","3","4",
"860Z200US13411","ZCTA5 13411","1013","219","33","31","134","62","208","158","109","48","124","54","50","27","176","64","48","33","51","26","40","26","22","27","18","13",
"860Z200US13413","ZCTA5 13413","7172","571","144","83","1340","456","1829","373","1264","279","876","253","515","284","396","164","23","29","55","53","311","133","347","266","72","55",
"860Z200US13415","ZCTA5 13415","57","44","0","13","0","13","14","15","13","16","3","5","18","28","6","7","0","13","0","13","3","4","0","13","0","13",
"860Z200US13416","ZCTA5 13416","883","131","57","31","27","16","108","56","54","27","83","32","136","46","172","56","74","29","31","13","52","24","41","23","48","30",
"860Z200US13417","ZCTA5 13417","1410","391","4","7","386","167","450","186","257","152","55","57","32","43","80","93","0","13","54","60","20","31","0","13","72","78",
"860Z200US13418","ZCTA5 13418","79","43","0","13","0","13","6","6","7","11","35","43","0","13","5","7","12","12","11","15","3","5","0","13","0","13",
"860Z200US13420","ZCTA5 13420","389","142","221","45","69","73","83","80","7","10","0","13","0","13","9","12","0","13","0","13","0","13","0","13","0","13",
"860Z200US13421","ZCTA5 13421","5789","460","403","138","1054","211","1014","246","645","183","590","172","276","128","758","180","310","137","195","78","302","123","181","110","61","51",
"860Z200US13424","ZCTA5 13424","975","186","55","24","117","49","264","97","202","55","191","138","8","8","65","32","16","13","0","13","25","16","12","15","20","15",
"860Z200US13425","ZCTA5 13425","782","113","55","23","80","33","80","39","80","31","105","37","42","32","173","63","33","24","33","28","27","18","45","26","29","21",
"860Z200US13428","ZCTA5 13428","648","169","20","17","61","28","96","52","48","33","139","86","87","61","51","32","42","47","12","12","56","55","19","17","17","25",
"860Z200US13431","ZCTA5 13431","943","138","28","20","53","23","57","31","121","43","111","39","161","59","170","62","67","73","33","30","15","14","88","60","39","29",
"860Z200US13433","ZCTA5 13433","575","112","24","21","84","42","111","52","68","31","83","51","22","17","59","30","0","13","14","10","84","36","26","29","0","13",
"860Z200US13435","ZCTA5 13435","108","50","26","40","6","10","12","19","0","13","19","22","4","7","35","26","6","12","0","13","0","13","0","13","0","13",
"860Z200US13436","ZCTA5 13436","37","21","2","3","16","14","10","10","1","2","0","13","0","13","3","5","0","13","2","3","0","13","3","3","0","13",
"860Z200US13437","ZCTA5 13437","114","32","0","13","3","4","1","3","5","6","27","15","23","13","15","13","2","4","11","8","15","8","9","8","3","4",
"860Z200US13438","ZCTA5 13438","1134","158","37","22","61","28","171","65","51","29","127","51","148","64","223","49","40","25","24","21","105","54","63","28","84","44",
"860Z200US13439","ZCTA5 13439","1566","271","74","34","145","82","144","79","175","73","97","44","210","91","215","74","87","47","52","28","137","53","125","93","105","55",
"860Z200US13440","ZCTA5 13440","15057","801","853","231","2291","382","2815","398","2783","393","2269","356","1466","367","1214","275","246","113","185","70","416","139","298","125","221","119",
"860Z200US13441","ZCTA5 13441","146","106","0","13","95","104","0","13","51","81","0","13","0","13","0","13","0","13","0","13","0","13","0","13","0","13",
"860Z200US13450","ZCTA5 13450","127","106","68","109","0","13","9","11","22","22","0","13","0","13","2","3","0","13","0","13","21","16","3","5","2","3",
"860Z200US13452","ZCTA5 13452","1953","198","108","54","224","107","235","62","278","76","255","59","183","58","234","67","118","49","42","22","92","36","119","50","65","34",
"860Z200US13454","ZCTA5 13454","287","141","0","13","0","13","28","22","22","21","5","9","15","24","6","9","17","19","66","65","37","27","71","72","20","18",
"860Z200US13455","ZCTA5 13455","3","5","3","5","0","13","0","13","0","13","0","13","0","13","0","13","0","13","0","13","0","13","0","13","0","13",
"860Z200US13456","ZCTA5 13456","1798","227","48","46","102","50","356","108","592","137","398","119","76","57","77","42","14","17","21","22","20","22","84","43","10","16",
"860Z200US13457","ZCTA5 13457","15","9","0","13","0","13","7","5","4","5","0","13","0","13","0","13","0","13","0","13","4","6","0","13","0","13",
"860Z200US13459","ZCTA5 13459","812","111","44","25","95","27","48","21","72","29","98","32","30","15","77","35","32","27","51","24","104","37","152","43","9","14",
"860Z200US13460","ZCTA5 13460","1905","214","133","68","279","79","243","141","177","62","297","94","188","100","245","91","8","11","25","26","120","64","109","65","81","55",
"860Z200US13461","ZCTA5 13461","1333","187","74","51","353","143","213","78","96","58","155","79","109","43","62","37","19","21","104","60","107","59","21","24","20","18",
"860Z200US13464","ZCTA5 13464","535","142","40","24","92","62","16","13","125","74","122","43","25","16","45","26","34","21","9","7","17","15","10","8","0","13",
"860Z200US13468","ZCTA5 13468","135","78","0","13","30","25","5","7","24","18","55","51","0","13","7","6","0","13","2","4","6","6","6","8","0","13",
"860Z200US13469","ZCTA5 13469","689","224","0","13","77","91","60","57","79","79","204","98","99","92","74","53","73","113","0","13","16","31","7","11","0","13",
"860Z200US13470","ZCTA5 13470","236","93","13","13","5","5","9","10","13","12","16","16","17","19","86","74","6","7","7","11","20","12","20","14","24","23",
"860Z200US13471","ZCTA5 13471","997","157","0","13","88","72","88","47","156","54","218","67","58","38","133","47","57","36","9","9","98","42","51","41","41","38",
"860Z200US13472","ZCTA5 13472","98","80","0","13","37","38","0","13","43","48","0","13","0","13","0","13","0","13","0","13","0","13","18","25","0","13",
"860Z200US13473","ZCTA5 13473","430","107","67","36","36","16","37","22","63","31","32","17","25","23","24","26","14","17","2","3","24","15","47","25","59","47",
"860Z200US13475","ZCTA5 13475","20","17","0","13","0","13","5","7","0","13","0","13","4","7","7","14","0","13","0","13","0","13","4","5","0","13",
"860Z200US13476","ZCTA5 13476","1338","229","45","28","83","55","331","169","138","70","192","96","60","48","178","88","8","11","57","40","87","50","42","33","117","116",
"860Z200US13477","ZCTA5 13477","720","195","6","10","85","56","36","35","211","145","132","98","41","59","126","81","0","13","7","10","48","40","0","13","28","38",
"860Z200US13478","ZCTA5 13478","1369","412","12","12","183","113","380","351","321","157","184","120","112","64","123","105","25","29","14","18","12","11","3","5","0","13",
"860Z200US13480","ZCTA5 13480","1551","200","159","52","133","47","107","38","227","84","227","66","184","62","237","68","92","48","20","14","116","68","37","24","12","14",
"860Z200US13482","ZCTA5 13482","41","35","12","15","11","16","3","5","0","13","5","8","0","13","0","13","10","12","0","13","0","13","0","13","0","13",
"860Z200US13483","ZCTA5 13483","271","231","0","13","7","10","23","19","7","7","0","13","0","13","9","11","4","7","10","12","128","143","77","82","6","11",
"860Z200US13484","ZCTA5 13484","0","13","0","13","0","13","0","13","0","13","0","13","0","13","0","13","0","13","0","13","0","13","0","13","0","13",
"860Z200US13485","ZCTA5 13485","631","132","14","20","53","40","55","26","33","22","46","22","117","54","71","32","54","34","74","45","52","38","43","31","19","12",
"860Z200US13486","ZCTA5 13486","271","74","2","4","8","9","19","16","31","23","79","50","55","32","32","17","0","13","11","11","14","14","4","5","16","18",
"860Z200US13488","ZCTA5 13488","59","40","0","13","0","13","15","24","9","11","14","16","2","3","17","15","2","3","0","13","0","13","0","13","0","13",
"860Z200US13489","ZCTA5 13489","236","76","25","14","17","11","15","12","33","19","61","46","12","8","15","10","0","13","24","24","15","8","2","3","17","17",
"860Z200US13490","ZCTA5 13490","508","222","0","13","53","58","146","109","68","61","111","83","40","60","24","31","0","13","0","13","29","43","37","47","0","13",
"860Z200US13491","ZCTA5 13491","1572","200","79","50","154","55","100","34","176","60","180","55","101","45","291","71","112","62","97","36","81","38","90","42","111","62",
"860Z200US13492","ZCTA5 13492","5303","408","224","150","788","212","1597","273","1292","239","553","139","236","81","145","71","6","12","73","73","162","79","109","64","118","75",
"860Z200US13493","ZCTA5 13493","838","132","105","84","94","85","11","12","96","61","73","28","34","22","44","20","23","13","103","42","193","54","50","24","12","10",
"860Z200US13494","ZCTA5 13494","81","29","2","3","7","8","8","9","10","8","10","10","7","9","12","9","0","13","6","8","19","14","0","13","0","13",
"860Z200US13495","ZCTA5 13495","958","217","54","59","281","113","191","99","221","112","36","36","53","49","5","8","0","13","31","24","26","36","47","52","13","22",
"860Z200US13501","ZCTA5 13501","14134","839","524","185","2298","361","3238","418","3232","445","1525","304","485","177","1101","231","227","115","400","146","597","164","381","140","126","72",
"860Z200US13502","ZCTA5 13502","13475","976","633","176","2302","510","3568","557","2544","283","1761","288","540","186","1064","285","67","69","163","123","224","95","385","176","224","123",
"860Z200US13601","ZCTA5 13601","16791","756","1060","265","3315","433","3092","371","3733","528","2190","400","1068","291","940","218","116","62","368","193","524","228","215","80","170","86",
"860Z200US13602","ZCTA5 13602","1820","227","717","195","812","147","198","75","31","25","20","23","4","7","20","23","0","13","0","13","0","13","18","25","0","13",
"860Z200US13603","ZCTA5 13603","5763","450","175","102","1926","389","1557","304","1067","276","647","209","120","75","64","75","7","9","119","160","64","66","17","28","0","21",
"860Z200US13605","ZCTA5 13605","2212","337","126","47","212","69","344","143","257","81","658","240","146","60","146","62","17","17","104","104","61","31","98","48","43","34",
"860Z200US13606","ZCTA5 13606","1116","246","65","50","94","69","196","101","309","130","164","96","105","78","78","61","1","3","27","36","46","35","0","13","31","34",
"860Z200US13607","ZCTA5 13607","809","232","82","42","151","39","233","199","82","50","21","16","5","7","98","65","32","25","52","31","40","26","0","13","13","15",
"860Z200US13608","ZCTA5 13608","699","156","20","14","34","25","86","37","67","51","80","35","71","32","133","60","65","30","19","18","42","27","59","34","23","17",
"860Z200US13611","ZCTA5 13611","89","38","7","11","11","13","12","13","19","20","7","11","0","13","27","26","0","13","6","9","0","13","0","13","0","13",
"860Z200US13612","ZCTA5 13612","1139","226","45","40","185","115","244","92","306","109","237","99","25","22","51","44","14","18","0","13","13","14","19","19","0","13",
"860Z200US13613","ZCTA5 13613","1012","184","73","56","77","45","82","54","121","85","215","76","185","90","118","76","24","21","27","44","43","34","33","36","14","16",
"860Z200US13614","ZCTA5 13614","193","72","0","13","14","16","25","26","49","45","30","24","0","13","9","13","0","13","0","13","47","25","0","13","19","19",
"860Z200US13615","ZCTA5 13615","336","135","32","24","75","57","65","38","98","56","44","44","0","13","4","7","4","7","0","13","0","13","14","21","0","13",
"860Z200US13616","ZCTA5 13616","936","354","216","222","187","134","156","112","113","73","164","121","34","38","47","55","0","13","19","31","0","13","0","13","0","13",
"860Z200US13617","ZCTA5 13617","4520","538","494","181","1304","344","1083","263","528","158","321","126","168","109","241","119","97","89","22","24","116","91","23","26","123","84",
"860Z200US13618","ZCTA5 13618","619","154","39","37","24","14","79","40","147","132","62","49","41","27","82","35","25","22","52","38","53","38","4","6","11","13",
"860Z200US13619","ZCTA5 13619","4545","477","276","124","470","150","472","164","735","197","808","176","367","175","670","218","229","134","59","42","244","178","125","83","90","59",
"860Z200US13620","ZCTA5 13620","644","154","71","46","24","15","61","33","137","75","91","49","13","15","109","58","9","9","8","6","33","31","70","70","18","20",
"860Z200US13621","ZCTA5 13621","169","81","0","13","22","23","0","13","9","11","49","62","20","20","22","18","25","31","0","13","5","5","0","13","17","23",
"860Z200US13622","ZCTA5 13622","709","170","51","27","36","49","38","26","86","61","139","65","140","52","145","62","24","19","18","19","15","20","10","10","7","10",
"860Z200US13623","ZCTA5 13623","14","13","0","13","0","13","0","13","0","13","5","6","0","13","0","13","0","13","9","11","0","13","0","13","0","13",
"860Z200US13624","ZCTA5 13624","2022","252","84","41","259","98","279","94","267","88","171","73","120","89","335","104","165","91","89","55","129","80","39","36","85","52",
"860Z200US13625","ZCTA5 13625","616","127","19","17","31","16","78","38","116","39","104","39","79","59","30","19","35","34","50","38","58","43","16","16","0","13",
"860Z200US13626","ZCTA5 13626","1005","155","60","21","51","28","106","46","120","45","285","82","104","42","148","49","39","33","13","9","44","31","20","11","15","17",
"860Z200US13628","ZCTA5 13628","110","52","2","3","6","8","20","20","19","16","26","17","9","8","20","21","3","6","0","13","5","10","0","13","0","13",
"860Z200US13630","ZCTA5 13630","553","203","0","13","33","27","89","57","102","68","117","77","35","21","61","28","15","16","9","9","36","31","52","55","4","5",
"860Z200US13632","ZCTA5 13632","41","63","0","13","0","13","0","13","0","13","0","13","0","13","0","13","0","13","41","63","0","13","0","13","0","13",
"860Z200US13633","ZCTA5 13633","91","48","12","15","2","3","1","2","18","28","22","22","15","18","6","6","0","13","0","13","3","4","9","12","3","5",
"860Z200US13634","ZCTA5 13634","1537","254","40","29","89","48","166","98","236","94","434","140","110","62","146","105","54","73","11","13","100","78","113","82","38","35",
"860Z200US13635","ZCTA5 13635","449","120","27","18","45","27","41","31","73","40","72","34","33","21","29","24","15","15","19","15","35","27","46","36","14","17",
"860Z200US13636","ZCTA5 13636","36","14","1","2","6","5","0","13","3","3","0","13","3","5","13","10","0","13","0","13","5","6","5","7","0","13",
"860Z200US13637","ZCTA5 13637","2467","361","19","20","375","281","540","270","900","296","228","111","125","95","73","55","0","13","84","95","2","3","44","40","77","92",
"860Z200US13638","ZCTA5 13638","165","100","0","13","0","13","21","34","119","95","0","13","0","13","0","13","0","13","0","13","25","36","0","13","0","13",
"860Z200US13639","ZCTA5 13639","0","13","0","13","0","13","0","13","0","13","0","13","0","13","0","13","0","13","0","13","0","13","0","13","0","13",
"860Z200US13640","ZCTA5 13640","29","19","5","8","0","13","10","9","3","6","3","7","4","7","4","6","0","13","0","13","0","13","0","13","0","13",
"860Z200US13641","ZCTA5 13641","0","13","0","13","0","13","0","13","0","13","0","13","0","13","0","13","0","13","0","13","0","13","0","13","0","13",
"860Z200US13642","ZCTA5 13642","3458","420","317","143","820","257","540","204","556","279","111","55","18","16","127","70","107","90","50","39","422","150","241","112","149","79",
"860Z200US13643","ZCTA5 13643","0","13","0","13","0","13","0","13","0","13","0","13","0","13","0","13","0","13","0","13","0","13","0","13","0","13",
"860Z200US13645","ZCTA5 13645","0","13","0","13","0","13","0","13","0","13","0","13","0","13","0","13","0","13","0","13","0","13","0","13","0","13",
"860Z200US13646","ZCTA5 13646","813","299","65","31","63","27","29","14","29","14","47","23","55","27","211","201","36","22","54","27","152","89","54","22","18","13",
"860Z200US13647","ZCTA5 13647","58","55","0","13","6","10","0","13","0","13","32","49","0","13","0","13","0","13","0","13","20","28","0","13","0","13",
"860Z200US13648","ZCTA5 13648","809","136","72","37","103","42","53","26","91","59","70","27","35","21","91","42","25","13","53","34","104","37","41","22","71","43",
"860Z200US13649","ZCTA5 13649","9","14","0","13","0","13","0","13","0","13","9","14","0","13","0","13","0","13","0","13","0","13","0","13","0","13",
"860Z200US13650","ZCTA5 13650","428","94","43","35","35","32","28","18","52","30","34","23","32","23","97","40","15","11","9","10","60","33","20","19","3","4",
"860Z200US13651","ZCTA5 13651","10","9","4","5","3","5","0","13","0","13","0","13","0","13","0","13","0","13","0","13","3","5","0","13","0","13",
"860Z200US13652","ZCTA5 13652","609","180","10","9","91","92","50","39","62","29","92","45","42","22","127","84","12","9","18","15","47","56","50","33","8","8",
"860Z200US13654","ZCTA5 13654","949","205","26","14","146","79","128","43","83","56","258","72","67","40","106","48","26","29","0","13","47","22","22","22","40","42",
"860Z200US13655","ZCTA5 13655","1067","388","68","70","106","91","382","257","243","135","87","71","0","13","111","90","0","13","0","13","0","13","0","13","70","70",
"860Z200US13656","ZCTA5 13656","1040","264","122","69","103","65","136","80","140","68","153","66","124","60","111","53","84","72","8","8","56","40","0","13","3","5",
"860Z200US13658","ZCTA5 13658","998","271","160","122","248","207","200","73","87","54","87","63","39","37","83","45","21","24","0","13","36","42","37","28","0","13",
"860Z200US13659","ZCTA5 13659","176","58","4","6","14","14","2","3","15","14","18","15","15","14","71","38","3","4","10","8","6","5","16","15","2","4",
"860Z200US13660","ZCTA5 13660","820","192","25","18","52","23","119","55","122","54","202","81","56","26","155","56","24","20","4","5","9","10","39","46","13","12",
"860Z200US13661","ZCTA5 13661","783","145","29","29","106","74","83","55","75","50","32","18","57","28","175","77","26","29","19","24","80","46","53","35","48","37",
"860Z200US13662","ZCTA5 13662","6586","449","481","186","1787","335","1031","250","861","246","468","152","170","93","806","428","344","147","216","90","247","116","89","62","86","64",
"860Z200US13664","ZCTA5 13664","121","48","3","4","10","9","2","3","23","27","8","11","12","10","31","23","4","6","4","4","16","14","7","6","1","4",
"860Z200US13665","ZCTA5 13665","380","173","0","13","40","56","35","53","55","56","31","27","35","38","53","39","48","48","24","26","52","52","3","4","4","6",
"860Z200US13666","ZCTA5 13666","101","49","0","13","20","18","50","41","4","5","0","13","2","3","0","13","0","13","1","3","18","17","6","5","0","13",
"860Z200US13667","ZCTA5 13667","1075","209","58","59","87","68","70","51","247","99","280","131","64","48","62","38","34","31","67","61","40","43","14","23","52","37",
"860Z200US13668","ZCTA5 13668","1299","245","54","29","268","117","247","112","310","105","127","81","54","48","66","38","69","47","11","15","27","21","23","18","43","27",
"860Z200US13669","ZCTA5 13669","5531","525","680","225","1560","393","1192","282","469","138","238","89","303","103","376","184","43","43","210","132","323","124","72","48","65","45",
"860Z200US13670","ZCTA5 13670","54","22","2","4","16","13","5","5","10","10","4","6","2","3","0","13","0","13","0","13","3","5","6","7","6","8",
"860Z200US13672","ZCTA5 13672","114","55","22","22","10","14","11","14","41","32","0","13","0","13","8","8","0","13","4","6","15","13","3","5","0","13",
"860Z200US13673","ZCTA5 13673","884","160","62","29","119","47","116","63","131","75","70","35","104","45","152","52","26","21","21","14","35","28","6","8","42","27",
"860Z200US13674","ZCTA5 13674","30","32","0","13","0","13","0","13","24","31","0","13","6","9","0","13","0","13","0","13","0","13","0","13","0","13",
"860Z200US13675","ZCTA5 13675","33","35","0","13","0","13","12","17","0","13","0","13","0","13","0","13","0","13","0","13","9","13","0","13","12","17",
"860Z200US13676","ZCTA5 13676","5721","546","453","151","1157","216","1104","238","1137","258","492","165","241","120","273","89","42","35","268","115","288","150","157","100","109","74",
"860Z200US13678","ZCTA5 13678","75","82","0","13","0","13","0","13","47","71","0","13","0","13","0","13","28","46","0","13","0","13","0","13","0","13",
"860Z200US13679","ZCTA5 13679","469","124","12","11","25","22","87","51","63","46","34","21","41","38","72","39","56","50","13","13","43","26","11","16","12","12",
"860Z200US13680","ZCTA5 13680","418","123","39","39","22","20","33","31","94","78","123","59","9","8","19","19","22","26","5","7","28","22","21","23","3","6",
"860Z200US13681","ZCTA5 13681","293","87","8","6","47","31","34","22","36","21","27","18","40","41","26","15","0","13","13","14","40","24","14","13","8","10",
"860Z200US13682","ZCTA5 13682","418","138","9","9","28","16","45","31","121","48","55","31","47","40","62","55","6","9","4","6","3","5","28","20","10","14",
"860Z200US13683","ZCTA5 13683","22","34","0","13","22","34","0","13","0","13","0","13","0","13","0","13","0","13","0","13","0","13","0","13","0","13",
"860Z200US13684","ZCTA5 13684","373","112","29","28","39","31","19","17","4","5","40","26","53","53","94","35","16","14","8","9","28","18","27","17","16","19",
"860Z200US13685","ZCTA5 13685","1015","159","34","27","60","35","40","26","164","53","217","82","38","26","265","101","64","64","19","20","42","31","39","26","33","35",
"860Z200US13687","ZCTA5 13687","195","77","30","34","8","9","16","17","2","4","34","22","23","16","21","15","13","18","28","28","4","5","0","13","16","25",
"860Z200US13690","ZCTA5 13690","196","49","24","18","25","14","18","15","32","19","9","9","9","9","4","5","0","13","13","10","36","22","23","16","3","4",
"860Z200US13691","ZCTA5 13691","1619","200","22","13","29","20","157","84","209","70","215","86","225","80","564","273","97","54","25","27","47","32","18","13","11","10",
"860Z200US13692","ZCTA5 13692","7","11","0","13","0","13","7","11","0","13","0","13","0","13","0","13","0","13","0","13","0","13","0","13","0","13",
"860Z200US13693","ZCTA5 13693","59","32","0","13","0","13","5","9","0","13","19","17","4","6","4","6","0","13","5","7","4","7","6","9","12","17",
"860Z200US13694","ZCTA5 13694","436","105","11","14","74","66","16","18","12","12","138","55","88","43","50","25","5","7","0","13","17","18","14","14","11","13",
"860Z200US13695","ZCTA5 13695","127","61","14","23","34","40","26","24","51","44","2","4","0","13","0","13","0","13","0","13","0","13","0","13","0","13",
"860Z200US13696","ZCTA5 13696","121","154","0","13","0","13","0","13","17","27","104","152","0","13","0","13","0","13","0","13","0","13","0","13","0","13",
"860Z200US13697","ZCTA5 13697","880","295","26","35","49","57","78","100","113","84","325","146","51","48","78","69","63","90","77","74","10","8","8","11","2","5",
"860Z200US13699","ZCTA5 13699","500","102","88","53","180","76","171","92","15","13","12","18","15","19","0","13","0","13","0","13","6","12","6","13","7","12",
"860Z200US13730","ZCTA5 13730","1136","213","37","29","246","154","97","48","43","30","162","117","51","37","166","80","72","47","141","96","54","31","39","38","28","28",
"860Z200US13731","ZCTA5 13731","457","124","12","15","54","27","57","29","42","22","54","34","38","21","138","76","0","13","5","7","30","23","8","8","19","14",
"860Z200US13732","ZCTA5 13732","3637","361","115","61","369","162","459","136","908","186","722","151","337","144","425","155","9","15","22","22","47","52","148","120","76","58",
"860Z200US13733","ZCTA5 13733","2045","258","62","36","305","108","347","121","278","91","181","131","163","77","259","86","32","17","53","34","249","146","39","33","77","47",
"860Z200US13734","ZCTA5 13734","1120","284","27","39","107","115","298","184","122","84","124","76","55","49","188","101","83","65","14","21","66","62","36","51","0","13",
"860Z200US13736","ZCTA5 13736","741","135","12","10","47","30","93","65","33","21","40","22","75","52","166","63","102","42","78","33","75","42","4","5","16","13",
"860Z200US13738","ZCTA5 13738","21","25","14","22","7","11","0","13","0","13","0","13","0","13","0","13","0","13","0","13","0","13","0","13","0","13",
"860Z200US13739","ZCTA5 13739","395","117","36","29","43","32","60","31","67","31","50","31","9","6","77","83","22","14","17","14","8","7","0","13","6","7",
"860Z200US13740","ZCTA5 13740","148","40","8","6","6","6","13","11","8","8","36","17","22","15","20","14","4","5","2","3","2","3","10","9","17","14",
"860Z200US13743","ZCTA5 13743","1370","260","168","102","97","62","97","70","150","105","66","47","58","43","280","127","44","40","168","86","200","80","7","8","35","47",
"860Z200US13744","ZCTA5 13744","502","148","10","12","24","26","129","136","72","50","83","40","39","23","57","35","14","21","0","13","27","24","0","13","47","72",
"860Z200US13746","ZCTA5 13746","796","164","0","13","9","12","98","63","224","96","152","72","102","50","144","55","7","9","19","21","14","16","16","20","11","13",
"860Z200US13747","ZCTA5 13747","0","13","0","13","0","13","0","13","0","13","0","13","0","13","0","13","0","13","0","13","0","13","0","13","0","13",
"860Z200US13748","ZCTA5 13748","1664","372","69","104","120","136","175","136","529","251","445","190","153","105","24","39","0","13","39","57","56","67","54","91","0","13",
"860Z200US13750","ZCTA5 13750","336","158","0","13","4","5","27","27","140","88","48","37","38","36","14","18","6","9","0","13","17","20","21","26","21","26",
"860Z200US13751","ZCTA5 13751","99","68","0","13","8","15","0","13","0","13","11","21","27","34","26","34","0","13","0","13","0","13","0","13","27","34",
"860Z200US13752","ZCTA5 13752","332","129","6","7","75","56","41","25","117","76","17","18","3","5","38","38","6","4","3","6","17","12","6","7","3","4",
"860Z200US13753","ZCTA5 13753","1993","240","203","67","583","134","500","127","150","52","97","43","120","77","179","61","21","17","29","19","21","18","24","16","66","39",
"860Z200US13754","ZCTA5 13754","993","186","109","43","134","47","171","72","69","50","63","33","129","80","79","41","69","36","44","23","59","33","30","22","37","20",
"860Z200US13755","ZCTA5 13755","352","106","42","42","13","16","71","70","41","33","61","46","11","12","24","22","28","22","17","14","9","12","6","10","29","33",
"860Z200US13756","ZCTA5 13756","281","120","6","10","0","13","46","65","25","19","54","68","6","9","47","32","0","13","29","35","46","58","11","20","11","12",
"860Z200US13757","ZCTA5 13757","547","122","27","17","10","8","56","43","29","21","131","68","77","51","80","55","30","24","5","6","80","64","10","8","12","13",
"860Z200US13760","ZCTA5 13760","18209","754","1069","300","2585","373","3467","515","4200","468","3085","426","1193","229","1060","262","225","106","163","111","631","182","358","152","173","103",
"860Z200US13774","ZCTA5 13774","60","73","10","11","0","13","46","70","0","13","0","13","0","13","4","7","0","13","0","13","0","13","0","13","0","13",
"860Z200US13775","ZCTA5 13775","759","152","25","21","185","99","11","13","66","47","148","53","127","65","54","27","22","24","0","13","65","41","30","27","26","18",
"860Z200US13776","ZCTA5 13776","184","60","11","8","11","9","18","16","19","13","46","22","23","16","15","14","2","3","2","5","13","11","7","9","17","22",
"860Z200US13777","ZCTA5 13777","248","119","44","49","43","66","15","18","18","16","46","29","29","17","38","26","0","13","0","13","4","6","7","7","4","5",
"860Z200US13778","ZCTA5 13778","2246","217","272","97","348","108","159","76","222","76","154","58","225","152","388","108","129","44","115","48","84","33","94","61","56","41",
"860Z200US13780","ZCTA5 13780","400","126","0","13","38","29","67","57","150","80","61","40","21","25","7","10","24","24","0","13","5","9","0","13","27","37",
"860Z200US13782","ZCTA5 13782","280","116","7","11","31","18","63","39","105","110","22","13","26","19","10","8","0","13","3","6","10","9","0","13","3","4",
"860Z200US13783","ZCTA5 13783","884","226","114","52","149","57","64","49","66","50","37","22","23","22","32","24","23","25","19","24","118","55","77","49","162","157",
"860Z200US13784","ZCTA5 13784","169","126","0","13","0","13","7","10","6","10","98","117","10","12","19","18","14","10","8","10","0","13","0","13","7","10",
"860Z200US13786","ZCTA5 13786","128","76","12","14","11","12","15","12","0","13","5","7","0","13","5","7","5","5","30","46","38","37","0","13","7","11",
"860Z200US13787","ZCTA5 13787","1362","378","70","81","245","189","65","57","100","75","234","146","179","111","331","143","17","21","1","3","36","24","84","84","0","13",
"860Z200US13788","ZCTA5 13788","444","97","13","13","51","24","108","62","31","21","17","12","15","12","39","18","40","26","6","8","53","25","34","27","37","23",
"860Z200US13790","ZCTA5 13790","7446","618","585","227","1217","258","1920","304","1881","421","808","203","157","68","298","131","39","42","118","87","191","101","113","70","119","96",
"860Z200US13795","ZCTA5 13795","1547","349","116","80","92","69","212","127","283","128","341","202","107","99","103","63","0","13","98","69","72","56","123","140","0","13",
"860Z200US13796","ZCTA5 13796","439","115","34","51","11","8","19","14","70","38","51","38","46","35","104","70","44","31","7","11","13","12","17","15","23","15",
"860Z200US13797","ZCTA5 13797","805","157","22","17","60","45","50","24","26","19","47","33","167","80","180","50","50","35","82","52","69","32","18","13","34","30",
"860Z200US13801","ZCTA5 13801","553","116","15","9","22","15","17","11","78","71","88","35","86","55","35","20","25","15","16","11","91","30","63","40","17","13",
"860Z200US13802","ZCTA5 13802","522","301","0","13","19","23","65","74","260","255","53","46","90","85","16","13","0","13","2","4","17","21","0","13","0","13",
"860Z200US13803","ZCTA5 13803","1592","190","90","53","109","42","74","33","108","41","227","67","107","35","395","104","70","27","119","47","134","41","88","46","71","27",
"860Z200US13804","ZCTA5 13804","83","48","10","10","0","13","22","15","31","21","3","6","10","15","0","13","0","13","5","7","2","3","0","13","0","13",
"860Z200US13806","ZCTA5 13806","101","56","6","9","19","25","15","22","17","21","4","5","3","4","12","12","10","12","1","4","0","13","5","9","9","13",
"860Z200US13807","ZCTA5 13807","581","135","40","29","85","57","32","23","147","52","153","92","69","59","22","20","3","6","22","27","4","6","0","13","4","7",
"860Z200US13808","ZCTA5 13808","541","136","35","40","42","23","44","34","48","43","85","37","54","34","144","94","14","15","10","9","59","34","6","6","0","13",
"860Z200US13809","ZCTA5 13809","805","200","52","52","14","15","109","57","150","150","30","32","97","115","62","37","39","33","19","21","125","78","88","52","20","30",
"860Z200US13810","ZCTA5 13810","478","151","8","11","13","17","49","43","37","29","107","54","58","41","119","81","0","13","27","20","30","21","8","9","22","33",
"860Z200US13811","ZCTA5 13811","1849","221","69","50","67","37","166","78","145","88","261","106","231","89","370","123","93","60","103","55","232","87","69","51","43","37",
"860Z200US13812","ZCTA5 13812","1081","159","86","52","108","49","172","66","182","76","166","71","69","41","84","39","13","10","33","26","122","58","24","22","22","16",
"860Z200US13813","ZCTA5 13813","304","190","0","13","82","83","6","9","11","14","50","74","7","10","36","28","0","13","107","147","5","8","0","13","0","13",
"860Z200US13814","ZCTA5 13814","8","9","0","13","0","13","0","13","3","5","0","13","0","13","3","4","2","3","0","13","0","13","0","13","0","13",
"860Z200US13815","ZCTA5 13815","5359","315","673","246","1380","248","1081","187","676","163","423","142","91","43","329","97","54","34","52","33","276","80","159","68","165","84",
"860Z200US13820","ZCTA5 13820","9117","641","649","197","2793","393","1792","344","1322","315","519","217","196","93","386","126","532","184","145","78","407","170","256","147","120","61",
"860Z200US13825","ZCTA5 13825","1367","218","20","24","134","91","163","122","375","137","186","83","74","46","194","137","106","91","39","35","16","18","47","28","13","19",
"860Z200US13826","ZCTA5 13826","91","67","0","13","31","50","0","13","0","13","0","13","0","13","60","66","0","13","0","13","0","13","0","13","0","13",
"860Z200US13827","ZCTA5 13827","4291","401","114","69","945","228","571","184","506","180","431","159","257","115","622","155","94","65","137","92","353","170","118","81","143","88",
"860Z200US13830","ZCTA5 13830","2137","259","62","37","255","92","214","84","397","89","411","96","126","62","199","67","111","77","42","24","218","76","84","53","18","17",
"860Z200US13832","ZCTA5 13832","180","61","0","13","0","13","6","6","32","21","47","32","32","24","9","7","3","5","3","4","29","23","14","15","5","6",
"860Z200US13833","ZCTA5 13833","1368","281","36","45","128","104","207","102","219","92","332","211","174","87","160","97","24","26","0","13","8","14","62","49","18","25",
"860Z200US13834","ZCTA5 13834","41","47","0","13","0","13","0","13","0","13","41","47","0","13","0","13","0","13","0","13","0","13","0","13","0","13",
"860Z200US13835","ZCTA5 13835","514","106","5","8","7","7","52","24","37","20","56","37","78","45","88","34","19","14","90","60","72","35","5","9","5","5",
"860Z200US13838","ZCTA5 13838","1404","271","203","129","270","133","310","160","90","77","36","44","98","90","157","105","34","31","32","31","111","68","0","13","63","70",
"860Z200US13839","ZCTA5 13839","447","160","6","6","19","14","40","34","51","36","62","49","30","35","117","71","0","13","13","14","70","58","28","28","11","14",
"860Z200US13841","ZCTA5 13841","206","73","20","23","33","33","14","14","36","34","4","6","16","19","5","6","23","25","14","16","33","23","8","10","0","13",
"860Z200US13842","ZCTA5 13842","257","144","11","12","24","20","55","40","48","42","30","29","2","3","45","39","3","6","9","11","2","5","21","34","7","9",
"860Z200US13843","ZCTA5 13843","904","182","8","8","12","11","147","94","152","68","202","83","44","31","106","50","5","7","85","77","30","44","95","61","18","20",
"860Z200US13844","ZCTA5 13844","251","97","23","29","15","16","25","17","34","24","62","38","31","26","27","17","0","13","0","13","15","11","16","13","3","4",
"860Z200US13846","ZCTA5 13846","79","43","11","16","0","13","19","21","0","13","18","17","23","24","0","13","0","13","0","13","8","12","0","13","0","13",
"860Z200US13847","ZCTA5 13847","3","4","0","13","0","13","0","13","0","13","0","13","0","13","0","13","0","13","0","13","3","4","0","13","0","13",
"860Z200US13849","ZCTA5 13849","1783","284","47","48","165","64","283","97","177","95","199","72","181","79","330","109","10","11","30","37","145","66","180","114","36","34",
"860Z200US13850","ZCTA5 13850","9324","611","346","240","1298","304","2266","502","2027","315","1746","380","402","165","515","241","86","99","184","154","158","98","161","89","135","82",
"860Z200US13856","ZCTA5 13856","2435","361","229","151","477","147","416","196","318","133","245","138","233","116","245","122","8","9","73","46","156","100","10","27","25","28",
"860Z200US13859","ZCTA5 13859","53","54","0","13","0","13","0","13","0","13","0","13","0","13","0","13","0","13","0","13","0","13","26","38","27","40",
"860Z200US13860","ZCTA5 13860","51","76","20","32","31","45","0","13","0","13","0","13","0","13","0","13","0","13","0","13","0","13","0","13","0","13",
"860Z200US13861","ZCTA5 13861","258","169","0","13","0","13","40","39","124","146","64","62","0","13","7","11","5","8","0","13","3","5","15","21","0","13",
"860Z200US13862","ZCTA5 13862","1524","205","45","27","129","60","152","60","114","50","227","81","250","71","267","85","29","20","100","41","114","61","29","22","68","46",
"860Z200US13863","ZCTA5 13863","187","50","6","6","4","4","16","12","7","7","4","4","15","13","30","18","24","16","9","10","32","20","28","17","12","14",
"860Z200US13864","ZCTA5 13864","635","223","18","28","39","43","6","11","50","77","137","106","74","64","224","167","0","13","10","18","77","62","0","13","0","13",
"860Z200US13865","ZCTA5 13865","2556","354","34","23","150","81","305","145","385","128","630","185","419","221","277","123","50","29","45","34","117","75","53","52","91","69",
"860Z200US13901","ZCTA5 13901","7784","524","248","99","936","215","1629","284","1955","288","1488","203","301","102","532","113","33","29","217","102","148","81","106","54","191","79",
"860Z200US13902","ZCTA5 13902","860","233","81","48","167","82","179","93","212","90","124","155","15","19","66","81","0","19","0","19","16","19","0","19","0","19",
"860Z200US13903","ZCTA5 13903","7518","603","150","74","1019","264","1947","287","1566","250","1342","276","221","104","431","138","48","43","233","139","230","101","156","83","175","130",
"860Z200US13904","ZCTA5 13904","3599","404","62","46","670","178","987","223","776","181","536","170","84","52","175","96","14","21","64","78","106","99","72","48","53","50",
"860Z200US13905","ZCTA5 13905","11337","761","381","133","1815","399","3199","554","2524","421","1249","346","165","103","624","174","71","64","153","105","145","83","638","296","373","149",
"860Z200US14001","ZCTA5 14001","4015","419","210","107","437","239","309","101","421","147","382","151","480","167","816","248","212","97","123","64","324","136","57","40","244","150",
"860Z200US14004","ZCTA5 14004","4304","415","248","154","319","117","293","98","624","238","539","174","469","137","720","183","256","86","198","75","351","115","163","96","124","76",
"860Z200US14005","ZCTA5 14005","941","209","47","32","67","38","134","47","297","115","85","41","91","71","40","23","11","11","31","28","52","25","79","70","7","9",
"860Z200US14006","ZCTA5 14006","3779","444","140","57","492","166","337","126","155","66","270","109","253","118","865","243","404","198","170","93","474","109","158","73","61","64",
"860Z200US14008","ZCTA5 14008","736","253","51","43","90","63","52","33","21","24","74","57","68","58","36","30","56","42","142","105","114","115","26","29","6","10",
"860Z200US14009","ZCTA5 14009","2796","219","225","101","484","109","306","103","235","76","159","78","109","64","215","82","197","87","70","43","593","156","198","78","5","8",
"860Z200US14011","ZCTA5 14011","2414","225","259","123","176","63","217","78","239","101","429","113","128","52","324","85","71","38","94","49","276","86","178","74","23","21",
"860Z200US14012","ZCTA5 14012","1217","192","65","42","112","49","106","48","83","41","109","50","77","40","188","90","54","47","169","110","144","71","104","41","6","8",
"860Z200US14013","ZCTA5 14013","728","131","54","40","53","24","76","36","61","29","92","34","44","29","133","44","57","34","42","22","68","29","21","25","27","23",
"860Z200US14020","ZCTA5 14020","10016","448","649","192","2256","340","1734","323","1170","251","842","240","425","123","469","146","553","173","520","158","907","222","283","109","208","141",
"860Z200US14024","ZCTA5 14024","669","95","55","36","55","23","74","41","55","24","72","22","87","31","36","20","16","10","7","6","83","27","86","38","43","23",
"860Z200US14025","ZCTA5 14025","1800","410","13","21","60","49","56","32","331","172","358","136","408","184","291","147","56","50","65","41","150","92","12","20","0","13",
"860Z200US14026","ZCTA5 14026","233","148","0","13","0","13","15","24","57","60","76","74","50","63","21","30","0","13","0","13","0","13","14","24","0","13",
"860Z200US14027","ZCTA5 14027","34","32","0","13","0","13","9","14","0","13","0","13","0","13","0","13","0","13","0","13","25","29","0","13","0","13",
"860Z200US14028","ZCTA5 14028","733","171","22","21","54","34","45","39","28","25","53","42","43","33","139","58","13","20","19","23","247","132","59","55","11","15",
"860Z200US14029","ZCTA5 14029","14","12","0","13","0","13","0","13","6","9","3","4","0","13","4","5","0","13","0","13","1","4","0","13","0","13",
"860Z200US14030","ZCTA5 14030","852","178","31","29","102","53","184","88","54","35","42","33","52","36","21","15","56","33","102","78","173","73","0","13","35","42",
"860Z200US14031","ZCTA5 14031","4140","591","113","62","389","165","640","228","578","172","667","195","333","155","659","197","183","89","162","88","321","146","68","61","27","33",
"860Z200US14032","ZCTA5 14032","4651","615","222","149","488","267","442","170","757","200","768","234","356","129","413","142","521","334","269","138","244","122","114","66","57","64",
"860Z200US14033","ZCTA5 14033","645","185","31","37","10","15","129","110","78","46","72","44","79","53","138","73","11","18","46","39","30","34","21","26","0","13",
"860Z200US14034","ZCTA5 14034","869","219","67","40","107","50","48","41","122","66","55","41","35","38","115","64","54","45","113","52","131","73","15","18","7","13",
"860Z200US14035","ZCTA5 14035","24","28","0","13","0","13","0","13","11","18","0","13","0","13","0","13","6","11","0","13","7","11","0","13","0","13",
"860Z200US14036","ZCTA5 14036","2439","343","176","147","70","45","271","131","564","179","329","131","262","102","139","65","90","67","193","101","207","115","97","74","41","39",
"860Z200US14037","ZCTA5 14037","401","131","0","13","23","22","0","13","33","29","78","49","85","71","39","32","64","71","8","12","36","38","12","18","23","26",
"860Z200US14039","ZCTA5 14039","28","14","3","5","0","13","13","9","0","13","5","6","4","5","3","5","0","13","0","13","0","13","0","13","0","13",
"860Z200US14040","ZCTA5 14040","825","214","30","46","106","116","43","40","16","25","105","67","85","62","155","75","72","60","98","73","103","66","12","19","0","13",
"860Z200US14041","ZCTA5 14041","44","37","0","13","0","13","14","18","7","7","9","15","0","13","0","13","6","6","0","13","4","4","0","13","4","8",
"860Z200US14042","ZCTA5 14042","2005","301","189","105","200","88","328","122","295","96","189","76","92","55","109","49","57","49","95","57","149","51","236","98","66","32",
"860Z200US14043","ZCTA5 14043","11806","736","427","162","1636","292","1938","321","2125","257","1863","287","992","300","1421","338","290","129","170","82","416","140","170","83","358","365",
"860Z200US14047","ZCTA5 14047","2660","329","6","10","147","83","226","148","291","127","454","181","187","100","530","173","194","121","115","74","259","118","153","93","98","86",
"860Z200US14048","ZCTA5 14048","6074","400","513","188","1943","350","1526","287","805","199","213","98","63","41","254","110","111","98","103","74","277","120","118","66","148","147",
"860Z200US14051","ZCTA5 14051","8525","778","139","75","393","125","869","211","1422","294","2049","475","944","293","1226","236","522","179","238","81","384","151","258","205","81","47",
"860Z200US14052","ZCTA5 14052","8065","693","364","122","1140","273","943","329","1131","353","901","237","711","194","1385","268","444","209","344","152","279","90","163","72","260","129",
"860Z200US14054","ZCTA5 14054","687","131","5","7","44","14","112","58","135","49","142","54","44","24","80","46","18","17","19","12","44","26","44","27","0","13",
"860Z200US14055","ZCTA5 14055","580","187","24","27","119","87","27","29","31","29","58","47","25","24","101","84","5","9","39","29","61","46","79","54","11","16",
"860Z200US14056","ZCTA5 14056","53","68","0","13","0","13","0","13","0","13","0","13","0","13","0","13","53","68","0","13","0","13","0","13","0","13",
"860Z200US14057","ZCTA5 14057","3659","333","210","93","396","144","469","148","388","119","470","170","365","110","507","133","182","98","198","86","368","93","66","44","40","51",
"860Z200US14058","ZCTA5 14058","995","162","34","22","140","55","190","55","229","99","62","31","49","27","49","32","55","53","43","20","90","37","43","22","11","12",
"860Z200US14059","ZCTA5 14059","3749","372","62","61","256","204","507","187","298","124","765","209","407","148","992","270","81","68","130","92","157","153","84","67","10","15",
"860Z200US14060","ZCTA5 14060","156","77","29","29","4","7","3","5","52","40","4","4","24","25","7","10","0","13","9","11","24","30","0","13","0","13",
"860Z200US14061","ZCTA5 14061","38","43","0","13","5","8","0","13","0","13","6","10","5","8","6","11","5","8","0","13","5","10","6","10","0","13",
"860Z200US14062","ZCTA5 14062","1240","176","18","25","142","82","103","59","366","124","190","102","88","47","120","61","25","23","39","33","86","57","15","10","48","35",
"860Z200US14063","ZCTA5 14063","5483","379","679","208","1428","241","1000","222","693","233","301","109","96","59","306","197","103","55","95","90","510","180","217","96","55","57",
"860Z200US14065","ZCTA5 14065","746","203","26","19","59","32","156","79","146","69","35","21","23","16","92","44","19","26","49","40","69","58","54","27","18","14",
"860Z200US14066","ZCTA5 14066","543","122","42","32","80","44","76","42","121","50","43","17","31","20","26","18","32","21","0","13","33","18","54","42","5","5",
"860Z200US14067","ZCTA5 14067","2023","357","52","51","167","114","319","162","343","187","134","76","115","78","102","72","103","83","27","30","440","190","123","71","98","66",
"860Z200US14068","ZCTA5 14068","3014","356","13","22","413","151","428","164","373","157","599","172","278","95","586","209","86","62","75","65","95","83","35","41","33","53",
"860Z200US14069","ZCTA5 14069","202","93","0","13","22","28","16","19","0","13","19","30","15","19","0","13","15","17","17","18","98","54","0","13","0","13",
"860Z200US14070","ZCTA5 14070","2389","261","206","80","477","122","321","119","255","79","115","45","64","33","170","69","121","59","94","51","270","74","222","102","74","38",
"860Z200US14072","ZCTA5 14072","9587","529","223","118","1109","304","1616","356","2081","413","2040","408","721","196","993","232","218","126","230","113","219","114","116","107","21","31",
"860Z200US14075","ZCTA5 14075","19943","1149","607","173","2545","466","2598","459","2484","469","2777","437","2186","364","3394","623","781","186","796","198","1098","276","260","124","417","204",
"860Z200US14080","ZCTA5 14080","1852","249","98","53","97","49","173","75","65","45","188","83","175","88","283","79","165","73","154","83","396","128","41","33","17","19",
"860Z200US14081","ZCTA5 14081","957","190","108","57","175","66","150","78","55","36","77","69","55","30","86","43","31","34","64","37","123","66","26","17","7","10",
"860Z200US14082","ZCTA5 14082","255","118","26","38","0","13","18","22","64","40","0","13","44","32","22","26","20","31","6","10","37","53","18","20","0","13",
"860Z200US14083","ZCTA5 14083","5","7","0","13","0","13","0","13","0","13","0","13","0","13","0","13","5","7","0","13","0","13","0","13","0","13",
"860Z200US14085","ZCTA5 14085","3389","461","12","18","125","75","255","94","188","89","545","166","587","237","665","185","198","108","230","98","442","186","63","59","79","67",
"860Z200US14086","ZCTA5 14086","17154","838","507","292","1825","504","2645","446","3001","507","2634","386","1564","296","2995","614","378","125","628","217","644","301","232","140","101","71",
"860Z200US14091","ZCTA5 14091","613","209","53","42","103","74","83","48","87","58","17","18","0","13","110","114","0","13","18","20","125","86","17","18","0","13",
"860Z200US14092","ZCTA5 14092","4223","417","84","44","680","166","608","165","403","131","772","308","384","154","567","176","215","92","256","104","167","99","69","62","18","20",
"860Z200US14094","ZCTA5 14094","22410","1145","912","180","2986","468","2874","415","2607","410","2850","370","2132","313","2798","359","1429","281","1306","372","1943","461","408","154","165","90",
"860Z200US14098","ZCTA5 14098","1393","176","121","60","173","60","125","58","143","68","120","55","93","51","178","97","37","35","6","7","196","81","175","102","26","30",
"860Z200US14101","ZCTA5 14101","782","222","152","180","33","29","61","36","126","50","91","36","38","31","26","18","92","56","31","24","54","35","75","40","3","5",
"860Z200US14102","ZCTA5 14102","800","293","66","81","51","80","18","28","45","72","78","64","11","18","251","159","61","61","89","81","130","107","0","13","0","13",
"860Z200US14103","ZCTA5 14103","4409","367","449","164","745","171","518","147","479","118","399","143","139","72","339","124","200","83","125","62","720","212","204","114","92","68",
"860Z200US14105","ZCTA5 14105","2119","362","189","155","223","103","148","73","212","77","269","92","204","113","186","118","88","62","150","65","313","129","100","65","37","22",
"860Z200US14108","ZCTA5 14108","2135","404","107","67","141","79","288","130","479","168","333","189","147","90","220","121","76","63","114","66","171","96","45","39","14","23",
"860Z200US14109","ZCTA5 14109","420","118","142","115","72","48","36","38","67","53","34","60","0","13","48","38","0","13","14","21","7","15","0","13","0","13",
"860Z200US14111","ZCTA5 14111","1460","231","131","69","229","124","218","108","126","74","154","56","57","34","119","50","87","43","163","86","143","53","26","16","7","8",
"860Z200US14112","ZCTA5 14112","41","49","0","13","0","13","14","21","0","13","14","22","13","20","0","13","0","13","0","13","0","13","0","13","0","13",
"860Z200US14113","ZCTA5 14113","290","99","6","4","10","12","36","30","0","13","43","35","0","13","43","39","35","24","63","43","24","17","11","10","19","19",
"860Z200US14120","ZCTA5 14120","20269","1009","643","232","2034","311","2951","478","3805","504","3353","537","2382","408","3024","342","593","155","351","107","681","232","216","95","236","85",
"860Z200US14125","ZCTA5 14125","1736","167","108","75","173","72","139","54","423","104","332","89","84","35","167","82","59","38","50","37","145","60","30","21","26","28",
"860Z200US14126","ZCTA5 14126","223","131","0","13","12","19","13","20","54","54","23","38","0","13","55","55","0","13","0","13","66","53","0","13","0","13",
"860Z200US14127","ZCTA5 14127","13296","669","564","212","1321","243","1942","363","2344","458","2085","501","1209","262","2214","483","365","118","470","183","510","185","215","100","57","55",
"860Z200US14129","ZCTA5 14129","417","94","9","11","60","36","118","53","65","40","5","8","18","15","42","21","11","11","2","4","42","23","31","16","14","16",
"860Z200US14130","ZCTA5 14130","40","28","0","13","0","13","12","12","0","13","4","5","21","19","3","4","0","13","0","13","0","13","0","13","0","13",
"860Z200US14131","ZCTA5 14131","2414","446","60","44","117","66","188","85","291","129","553","211","344","121","357","204","98","66","43","40","290","106","48","39","25","30",
"860Z200US14132","ZCTA5 14132","3156","661","20","22","279","134","291","125","619","221","582","197","183","105","511","214","272","297","43","40","235","144","55","60","66","73",
"860Z200US14134","ZCTA5 14134","23","23","10","11","0","13","0","13","0","13","0","13","0","13","0","13","6","10","0","13","7","10","0","13","0","13",
"860Z200US14135","ZCTA5 14135","38","27","26","25","0","13","7","10","5","8","0","13","0","13","0","13","0","13","0","13","0","13","0","13","0","13",
"860Z200US14136","ZCTA5 14136","1963","316","90","53","205","74","242","112","175","70","328","85","203","91","119","55","75","53","113","47","233","67","116","76","64","45",
"860Z200US14138","ZCTA5 14138","601","191","35","19","69","29","26","13","104","103","65","31","51","28","54","28","40","56","36","27","93","60","21","19","7","6",
"860Z200US14139","ZCTA5 14139","778","154","9","14","93","54","81","57","62","45","61","41","57","38","175","92","142","61","22","22","76","43","0","13","0","13",
"860Z200US14141","ZCTA5 14141","3099","350","396","118","495","130","142","63","253","103","179","85","312","133","400","131","118","72","179","83","296","106","271","219","58","45",
"860Z200US14143","ZCTA5 14143","521","139","16","20","50","35","125","61","128","75","54","33","13","15","48","23","27","20","34","32","12","13","7","9","7","11",
"860Z200US14145","ZCTA5 14145","675","165","139","72","60","64","42","35","67","38","36","27","61","32","70","38","33","21","59","29","61","32","28","32","19","18",
"860Z200US14150","ZCTA5 14150","18513","1281","695","251","2140","352","3410","406","3059","421","3628","510","1247","247","2538","526","278","136","294","161","555","201","431","233","238","115",
"860Z200US14166","ZCTA5 14166","72","78","14","19","10","14","0","13","0","13","0","13","12","17","36","47","0","13","0","13","0","13","0","13","0","13",
"860Z200US14167","ZCTA5 14167","844","146","37","28","60","35","61","35","86","51","67","32","35","26","172","78","31","27","97","49","114","44","42","19","42","29",
"860Z200US14168","ZCTA5 14168","52","52","0","13","3","5","0","13","0","13","0","13","0","13","36","42","13","19","0","13","0","13","0","13","0","13",
"860Z200US14169","ZCTA5 14169","66","71","9","14","0","13","10","17","0","13","0","13","47","70","0","13","0","13","0","13","0","13","0","13","0","13",
"860Z200US14170","ZCTA5 14170","891","239","50","49","0","13","91","63","170","99","140","107","80","49","200","98","11","17","95","85","36","34","18","27","0","13",
"860Z200US14171","ZCTA5 14171","634","137","47","34","60","27","118","48","43","28","54","49","36","25","22","16","38","32","38","32","78","32","90","57","10","11",
"860Z200US14172","ZCTA5 14172","1232","224","48","24","84","60","52","40","92","56","123","58","107","50","194","65","214","96","64","35","229","72","21","22","4","5",
"860Z200US14173","ZCTA5 14173","117","109","25","36","0","13","24","35","0","13","31","46","0","13","0","13","0","13","37","53","0","13","0","13","0","13",
"860Z200US14174","ZCTA5 14174","2394","245","79","47","76","41","215","78","404","127","279","108","210","72","480","163","76","37","99","44","240","70","117","91","119","83",
"860Z200US14201","ZCTA5 14201","4653","589","64","54","945","278","760","226","917","200","730","187","249","118","577","198","18","28","53","53","121","61","119","131","100","70",
"860Z200US14202","ZCTA5 14202","1722","362","167","204","336","169","204","71","191","93","394","183","152","76","189","92","28","28","24","18","11","11","0","13","26","42",
"860Z200US14203","ZCTA5 14203","1297","331","63","47","474","273","179","75","160","89","132","99","91","58","97","76","0","13","23","30","38","37","27","29","13","15",
"860Z200US14204","ZCTA5 14204","2517","383","118","97","308","122","564","190","481","174","377","145","191","102","217","117","41","43","12","20","142","100","41","39","25","27",
"860Z200US14206","ZCTA5 14206","9647","726","302","140","1484","295","1873","350","1852","300","1771","296","612","172","967","286","91","68","117","68","221","193","197","118","160","77",
"860Z200US14207","ZCTA5 14207","8843","840","316","134","1106","292","1450","350","1638","381","1611","406","596","195","1145","345","10","16","286","178","310","133","249","138","126","110",
"860Z200US14208","ZCTA5 14208","4391","593","248","117","676","178","734","197","919","294","773","204","76","64","414","148","42","53","52","47","114","77","343","200","0","21",
"860Z200US14209","ZCTA5 14209","3952","564","93","55","378","139","813","240","788","205","974","353","249","161","356","142","24","34","50","54","8","13","204","149","15","19",
"860Z200US14210","ZCTA5 14210","6097","736","60","47","627","191","1192","287","1558","455","1226","339","355","127","313","168","52","49","93","52","121","77","316","168","184","155",
"860Z200US14211","ZCTA5 14211","7848","772","366","173","1035","291","1373","283","2074","362","1113","277","355","145","865","272","79","69","132","103","165","96","153","78","138","78",
"860Z200US14212","ZCTA5 14212","4046","592","158","109","463","189","744","188","1170","396","565","153","165","92","406","175","53","39","39","36","178","89","57","54","48","44",
"860Z200US14213","ZCTA5 14213","9952","903","221","140","825","231","2155","463","1821","333","1380","268","925","269","1403","438","178","100","108","83","509","180","222","140","205","115",
"860Z200US14214","ZCTA5 14214","9210","981","271","117","835","258","2152","539","2000","434","1556","288","762","279","1105","328","84","70","83","74","156","70","174","130","32","33",
"860Z200US14215","ZCTA5 14215","15584","1137","421","184","1463","397","2889","513","3916","644","3209","533","584","181","1507","287","148","77","400","226","530","199","408","166","109","111",
"860Z200US14216","ZCTA5 14216","12302","998","378","274","1183","283","2258","447","3022","473","2695","673","1174","292","961","224","15","21","189","101","64","43","99","59","264","205",
"860Z200US14217","ZCTA5 14217","10514","539","256","120","1736","427","1589","389","2126","340","2119","306","930","207","964","227","156","71","133","89","267","149","185","100","53","62",
"860Z200US14218","ZCTA5 14218","9179","709","63","42","1240","492","1847","327","1733","340","1561","306","663","226","1422","284","84","42","154","87","166","127","86","62","160","121",
"860Z200US14219","ZCTA5 14219","5038","502","192","106","617","162","771","228","898","208","859","300","414","141","550","141","85","48","132","79","194","93","199","106","127","70",
"860Z200US14220","ZCTA5 14220","11226","832","239","100","1500","346","1846","393","3014","411","2240","355","529","153","948","198","103","46","164","82","337","139","199","116","107","78",
"860Z200US14221","ZCTA5 14221","23786","1140","857","243","3000","543","3849","468","4875","538","3831","472","2533","373","2766","408","517","145","471","185","431","139","488","260","168","104",
"860Z200US14222","ZCTA5 14222","7750","935","203","110","1251","393","1693","403","1338","308","1274","345","623","178","798","255","163","99","202","152","59","49","105","75","41","41",
"860Z200US14223","ZCTA5 14223","10778","856","93","67","974","258","1908","347","2137","435","2843","547","947","215","1224","223","299","192","56","45","124","72","173","119","0","25",
"860Z200US14224","ZCTA5 14224","19205","777","491","172","2255","408","2497","393","3612","453","4343","509","1819","411","2138","373","414","138","542","205","619","168","232","102","243","151",
"860Z200US14225","ZCTA5 14225","16518","822","404","182","1854","378","3118","372","4372","438","3500","415","960","210","1272","250","121","67","183","96","343","120","262","130","129","85",
"860Z200US14226","ZCTA5 14226","13998","776","489","259","1324","301","2587","439","3372","432","3006","410","1308","340","1212","257","324","167","152","86","135","101","39","39","50","37",
"860Z200US14227","ZCTA5 14227","9721","761","138","66","783","253","1848","376","2235","357","2091","303","817","252","1152","344","149","107","137","82","181","101","103","63","87","80",
"860Z200US14228","ZCTA5 14228","10575","862","164","96","966","249","1328","333","2506","470","2264","437","1206","329","1054","214","305","296","275","131","227","73","152","141","128","78",
"860Z200US14260","ZCTA5 14260","147","63","55","66","15","17","4","7","33","31","12","23","0","13","7","14","0","13","16","24","5","9","0","13","0","13",
"860Z200US14261","ZCTA5 14261","814","242","77","61","109","52","278","224","176","106","72","56","4","6","82","67","0","13","0","13","8","15","0","13","8","17",
"860Z200US14301","ZCTA5 14301","4334","531","458","157","699","200","671","204","753","196","418","134","246","146","571","248","162","106","197","106","138","102","21","27","0","21",
"860Z200US14302","ZCTA5 14302","0","13","0","13","0","13","0","13","0","13","0","13","0","13","0","13","0","13","0","13","0","13","0","13","0","13",
"860Z200US14303","ZCTA5 14303","2192","356","130","72","338","193","436","170","525","177","193","119","151","103","283","107","25","51","0","19","87","66","7","11","17","18",
"860Z200US14304","ZCTA5 14304","11971","788","465","245","1567","300","2251","330","2312","320","1880","428","891","203","1218","261","350","161","426","167","334","113","101","65","176","97",
"860Z200US14305","ZCTA5 14305","6446","575","339","166","1423","321","1529","260","672","137","502","177","394","149","685","172","233","91","225","116","292","101","123","82","29","31",
"860Z200US14411","ZCTA5 14411","4234","449","367","221","759","188","407","127","468","174","265","108","247","114","608","191","265","111","137","65","412","171","235","106","64","56",
"860Z200US14413","ZCTA5 14413","51","40","0","13","0","13","0","13","0","13","0","13","0","13","25","39","0","13","26","34","0","13","0","13","0","13",
"860Z200US14414","ZCTA5 14414","3114","331","178","102","378","136","397","175","303","182","503","237","292","138","525","145","172","84","103","65","135","70","52","46","76","52",
"860Z200US14415","ZCTA5 14415","53","52","0","13","0","13","13","13","14","20","5","10","0","13","15","24","0","13","0","13","0","13","0","13","6","11",
"860Z200US14416","ZCTA5 14416","1914","206","137","89","234","102","263","99","223","76","435","124","142","62","276","125","6","8","73","45","49","27","75","61","1","3",
"860Z200US14418","ZCTA5 14418","269","72","5","7","27","27","26","25","43","27","9","10","4","6","29","23","31","33","29","28","28","24","35","28","3","5",
"860Z200US14420","ZCTA5 14420","8877","621","379","147","1552","263","1094","279","775","261","971","232","1208","295","1349","270","329","142","357","170","456","202","204","101","203","138",
"860Z200US14422","ZCTA5 14422","818","144","36","28","75","37","57","29","155","56","167","65","35","30","75","36","73","41","30","26","58","28","53","43","4","6",
"860Z200US14423","ZCTA5 14423","2372","217","195","69","422","150","205","113","165","66","218","70","226","70","382","108","175","59","147","51","110","59","90","59","37","23",
"860Z200US14424","ZCTA5 14424","12337","616","466","162","2293","351","1936","351","1490","258","1544","293","658","161","1528","402","472","161","651","174","981","225","217","112","101","60",
"860Z200US14425","ZCTA5 14425","6023","431","42","42","348","136","826","245","979","244","941","215","704","186","888","226","443","192","372","167","205","94","232","104","43","54",
"860Z200US14427","ZCTA5 14427","729","147","44","28","115","51","117","47","63","28","184","111","29","20","45","24","23","21","17","19","45","31","43","24","4","7",
"860Z200US14428","ZCTA5 14428","3159","423","104","56","174","56","256","126","445","174","811","203","501","172","511","170","143","89","110","87","73","74","14","10","17","26",
"860Z200US14432","ZCTA5 14432","2369","399","104","48","346","126","401","134","303","107","285","93","193","58","209","86","208","142","67","37","138","78","69","51","46","36",
"860Z200US14433","ZCTA5 14433","1580","174","193","76","163","65","165","56","221","63","180","74","120","64","151","61","88","92","75","55","104","48","104","57","16","14",
"860Z200US14435","ZCTA5 14435","1041","156","32","30","70","55","29","22","114","48","102","47","117","65","169","84","71","31","47","30","195","61","61","33","34","24",
"860Z200US14437","ZCTA5 14437","3918","376","321","128","547","155","310","84","390","161","421","135","256","109","463","132","193","60","147","65","490","157","281","85","99","45",
"860Z200US14441","ZCTA5 14441","190","79","47","33","38","34","11","8","25","16","33","23","9","16","23","23","0","13","0","13","0","13","4","6","0","13",
"860Z200US14445","ZCTA5 14445","3727","362","303","121","628","184","709","184","903","172","551","145","281","173","181","78","16","19","30","26","44","52","71","53","10","17",
"860Z200US14450","ZCTA5 14450","18141","1014","448","202","1841","313","2324","407","3112","450","3974","605","2124","329","2492","472","714","356","426","208","466","153","158","90","62","39",
"860Z200US14453","ZCTA5 14453","0","13","0","13","0","13","0","13","0","13","0","13","0","13","0","13","0","13","0","13","0","13","0","13","0","13",
"860Z200US14454","ZCTA5 14454","3985","456","441","145","907","277","820","272","436","162","324","145","138","92","289","111","159","76","185","133","173","79","84","50","29","28",
"860Z200US14456","ZCTA5 14456","8717","482","580","155","2423","337","1435","285","1229","304","871","223","571","147","355","92","158","98","138","64","340","118","486","187","131","70",
"860Z200US14462","ZCTA5 14462","350","119","37","23","10","12","50","47","50","21","23","15","29","28","12","10","14","12","31","24","78","47","16","16","0","13",
"860Z200US14463","ZCTA5 14463","193","107","0","13","0","13","8","12","16","23","49","45","27","25","0","13","0","13","9","14","63","52","21","22","0","13",
"860Z200US14464","ZCTA5 14464","2630","304","48","49","128","64","326","139","393","105","220","112","174","78","479","126","294","95","327","118","156","65","51","41","34","32",
"860Z200US14466","ZCTA5 14466","915","234","0","13","37","38","33","43","83","64","77","62","66","55","226","102","107","59","133","105","147","94","6","6","0","13",
"860Z200US14467","ZCTA5 14467","4622","663","24","28","604","219","760","283","1209","368","1193","288","346","183","216","119","77","67","16","24","133","91","40","44","4","9",
"860Z200US14468","ZCTA5 14468","8111","657","257","105","675","226","753","232","816","183","1253","210","1267","311","1463","311","506","182","375","163","489","167","165","88","92","75",
"860Z200US14469","ZCTA5 14469","2593","267","129","70","190","56","224","93","516","134","406","132","164","92","382","121","123","51","160","69","244","88","45","30","10","12",
"860Z200US14470","ZCTA5 14470","3465","219","96","76","264","90","438","118","533","147","252","91","205","99","454","114","240","92","424","130","365","86","141","74","53","43",
"860Z200US14471","ZCTA5 14471","1019","205","39","43","71","48","69","80","17","18","96","65","26","23","126","69","113","77","166","183","231","91","37","30","28","31",
"860Z200US14472","ZCTA5 14472","4056","457","108","86","319","128","467","236","286","106","860","250","789","187","597","167","242","93","61","69","182","91","131","89","14","24",
"860Z200US14475","ZCTA5 14475","169","74","0","13","7","11","23","18","34","35","11","13","6","11","37","31","6","9","14","14","12","12","12","12","7","11",
"860Z200US14476","ZCTA5 14476","1123","166","45","31","146","81","68","43","96","47","127","62","102","54","110","59","110","46","124","59","137","105","41","30","17","16",
"860Z200US14477","ZCTA5 14477","810","182","7","10","105","87","10","15","164","93","109","76","44","31","52","33","38","36","28","29","167","70","66","85","20","20",
"860Z200US14478","ZCTA5 14478","558","154","52","46","149","73","80","45","37","32","36","27","35","33","28","22","19","21","3","7","10","16","77","72","32","37",
"860Z200US14479","ZCTA5 14479","46","55","11","16","7","11","18","33","0","13","0","13","0","13","0","13","0","13","0","13","10","19","0","13","0","13",
"860Z200US14480","ZCTA5 14480","200","133","60","68","8","13","0","13","0","13","25","30","36","50","0","13","7","12","0","13","8","13","56","78","0","13",
"860Z200US14481","ZCTA5 14481","844","137","27","18","110","62","251","67","95","32","41","19","37","20","65","34","57","44","35","31","84","38","24","16","18","13",
"860Z200US14482","ZCTA5 14482","4104","329","219","124","512","160","268","111","602","179","684","236","268","91","601","143","327","135","176","178","277","127","102","81","68","56",
"860Z200US14485","ZCTA5 14485","1953","242","103","53","256","90","283","87","137","94","259","91","210","84","415","131","87","38","54","34","59","35","48","27","42","44",
"860Z200US14486","ZCTA5 14486","123","59","0","13","19","17","21","17","25","25","7","11","11","18","21","25","19","19","0","13","0","13","0","13","0","13",
"860Z200US14487","ZCTA5 14487","2652","333","87","59","325","117","392","150","209","92","230","117","195","96","412","133","215","78","183","89","343","132","45","30","16","24",
"860Z200US14489","ZCTA5 14489","2992","484","352","216","508","206","340","146","519","246","491","261","112","76","192","109","170","87","79","85","148","81","71","57","10","12",
"860Z200US14502","ZCTA5 14502","4507","471","116","86","245","132","533","149","710","228","727","165","513","198","805","149","382","119","182","85","178","74","12","18","104","94",
"860Z200US14504","ZCTA5 14504","698","130","22","13","56","30","147","48","135","45","101","36","48","27","97","44","25","18","24","20","31","29","7","7","5","7",
"860Z200US14505","ZCTA5 14505","2437","363","71","52","299","137","207","107","114","67","245","129","492","292","379","126","189","94","161","90","181","70","70","53","29","25",
"860Z200US14506","ZCTA5 14506","189","89","16","30","0","13","43","46","49","49","28","31","0","13","21","24","13","24","0","13","0","13","19","30","0","13",
"860Z200US14507","ZCTA5 14507","484","150","15","16","41","24","27","22","128","128","67","32","26","13","72","39","22","17","11","11","30","19","40","18","5","6",
"860Z200US14510","ZCTA5 14510","1841","240","91","57","282","165","218","99","298","96","211","106","75","67","194","70","57","45","35","30","195","93","167","88","18","26",
"860Z200US14511","ZCTA5 14511","171","134","0","13","21","34","17","26","30","48","0","13","0","13","45","49","39","62","0","13","0","13","0","13","19","29",
"860Z200US14512","ZCTA5 14512","2041","250","146","72","142","45","175","45","233","92","142","61","130","42","336","92","112","46","124","61","334","87","125","51","42","25",
"860Z200US14513","ZCTA5 14513","5808","515","701","259","1147","322","849","215","514","186","596","199","343","149","501","196","236","112","88","66","487","200","300","199","46","44",
"860Z200US14514","ZCTA5 14514","2745","536","71","60","204","119","178","93","562","202","698","235","443","232","413","218","93","78","39","39","21","35","0","19","23","35",
"860Z200US14515","ZCTA5 14515","85","90","35","53","0","13","25","36","0","13","25","37","0","13","0","13","0","13","0","13","0","13","0","13","0","13",
"860Z200US14516","ZCTA5 14516","868","185","87","104","149","85","100","45","89","58","23","25","82","54","95","46","8","8","48","32","126","54","61","35","0","13",
"860Z200US14517","ZCTA5 14517","1148","153","65","27","174","86","60","36","184","66","114","50","78","46","150","58","63","34","39","44","37","23","131","46","53","35",
"860Z200US14519","ZCTA5 14519","5560","395","78","60","816","215","479","132","853","223","646","172","557","188","936","218","308","107","472","134","228","112","125","78","62","69",
"860Z200US14521","ZCTA5 14521","1064","171","129","44","111","39","224","96","97","41","60","29","52","24","138","51","29","22","37","24","125","46","35","21","27","16",
"860Z200US14522","ZCTA5 14522","4588","482","161","86","372","120","600","178","639","192","745","203","390","144","669","181","227","91","325","173","329","106","124","65","7","10",
"860Z200US14525","ZCTA5 14525","1246","193","92","37","137","50","191","87","172","52","237","86","47","28","50","26","120","65","56","37","98","46","45","27","1","4",
"860Z200US14526","ZCTA5 14526","7605","548","123","85","612","173","1044","241","1627","282","1933","400","1042","252","746","217","139","84","59","49","209","100","17","21","54","48",
"860Z200US14527","ZCTA5 14527","5024","379","499","150","1107","218","729","180","373","133","534","125","471","132","271","157","111","67","186","84","418","144","306","115","19","16",
"860Z200US14529","ZCTA5 14529","0","13","0","13","0","13","0","13","0","13","0","13","0","13","0","13","0","13","0","13","0","13","0","13","0","13",
"860Z200US14530","ZCTA5 14530","2620","318","398","131","397","142","269","131","194","95","402","156","214","101","85","55","36","41","49","50","245","121","323","118","8","12",
"860Z200US14532","ZCTA5 14532","1661","257","22","18","365","165","203","72","232","83","250","111","252","102","157","75","59","53","48","34","63","44","6","11","4","5",
"860Z200US14533","ZCTA5 14533","806","203","31","40","194","169","104","52","151","74","75","42","19","29","65","46","94","61","11","18","40","34","22","25","0","13",
"860Z200US14534","ZCTA5 14534","13459","849","443","156","875","231","1947","308","3163","554","3598","401","1424","289","1020","225","143","68","100","72","267","152","323","139","156","78",
"860Z200US14536","ZCTA5 14536","291","79","57","55","11","7","30","12","9","10","43","17","35","21","32","21","8","11","0","13","25","19","29","21","12","8",
"860Z200US14537","ZCTA5 14537","105","78","12","18","13","20","18","22","17","27","0","13","0","13","26","28","0","13","0","13","0","13","19","29","0","13",
"860Z200US14539","ZCTA5 14539","167","164","0","13","58","56","8","12","33","38","38","42","30","32","0","13","0","13","0","13","0","13","0","13","0","13",
"860Z200US14541","ZCTA5 14541","964","158","29","26","101","40","223","103","104","45","175","68","66","30","55","29","0","13","88","38","89","41","19","12","15","15",
"860Z200US14542","ZCTA5 14542","0","13","0","13","0","13","0","13","0","13","0","13","0","13","0","13","0","13","0","13","0","13","0","13","0","13",
"860Z200US14543","ZCTA5 14543","1427","255","55","47","44","38","143","70","191","98","388","133","224","102","221","74","0","13","31","27","48","45","68","78","14","22",
"860Z200US14544","ZCTA5 14544","823","171","43","23","30","22","62","26","125","65","270","114","35","20","108","46","22","17","8","8","96","63","20","14","4","5",
"860Z200US14545","ZCTA5 14545","60","36","0","13","4","6","7","9","5","7","12","14","0","13","3","4","0","13","15","16","9","7","5","6","0","13",
"860Z200US14546","ZCTA5 14546","2439","263","75","57","111","69","271","127","445","151","690","214","285","87","369","159","80","43","13","13","64","42","36","20","0","13",
"860Z200US14548","ZCTA5 14548","1978","255","184","136","203","87","242","78","166","55","289","102","191","115","182","70","147","72","122","62","60","38","81","59","111","85",
"860Z200US14549","ZCTA5 14549","45","36","0","13","5","8","0","13","0","13","14","19","0","13","20","28","0","13","0","13","6","8","0","13","0","13",
"860Z200US14550","ZCTA5 14550","535","131","15","15","68","51","108","51","197","79","4","6","15","12","29","24","6","7","14","10","31","29","46","22","2","3",
"860Z200US14551","ZCTA5 14551","2175","384","74","51","301","166","314","138","151","81","247","115","217","113","226","115","134","116","44","33","364","130","88","52","15","22",
"860Z200US14555","ZCTA5 14555","409","118","40","50","44","47","70","42","34","32","28","21","23","20","19","15","45","42","16","18","63","50","17","15","10","12",
"860Z200US14556","ZCTA5 14556","3","7","1","4","2","6","0","13","0","13","0","13","0","13","0","13","0","13","0","13","0","13","0","13","0","13",
"860Z200US14557","ZCTA5 14557","63","38","4","6","0","13","0","13","35","25","3","5","6","10","11","12","4","7","0","13","0","13","0","13","0","13",
"860Z200US14559","ZCTA5 14559","8158","573","157","71","735","222","923","236","1957","345","1868","341","903","193","962","297","199","83","111","59","92","54","159","80","92","57",
"860Z200US14560","ZCTA5 14560","834","186","22","23","45","25","69","48","28","20","118","65","64","47","147","91","96","38","47","27","133","37","65","31","0","13",
"860Z200US14561","ZCTA5 14561","1164","240","47","31","98","90","303","132","202","64","185","90","76","40","104","54","25","20","14","16","53","38","57","41","0","13",
"860Z200US14564","ZCTA5 14564","6300","454","195","123","538","154","673","190","710","214","1101","221","849","234","1248","284","430","183","171","90","203","137","161","99","21","26",
"860Z200US14568","ZCTA5 14568","2983","331","105","98","136","112","199","84","399","129","360","119","493","210","554","136","171","75","169","108","248","135","99","56","50","47",
"860Z200US14569","ZCTA5 14569","2718","376","305","156","438","160","737","231","290","136","333","140","107","108","167","85","34","28","3","7","109","63","180","90","15","24",
"860Z200US14571","ZCTA5 14571","511","156","7","10","24","25","100","57","53","35","27","43","5","9","77","45","34","36","6","10","78","49","10","13","90","72",
"860Z200US14572","ZCTA5 14572","2027","259","281","116","241","100","187","59","237","106","106","62","65","30","191","89","81","52","116","58","234","65","254","75","34","28",
"860Z200US14580","ZCTA5 14580","24317","1166","654","323","2575","420","3476","438","3208","426","5248","675","3689","456","3401","610","261","116","712","384","562","191","406","164","125","62",
"860Z200US14585","ZCTA5 14585","67","43","0","13","3","6","0","13","0","13","52","41","6","8","0","13","0","13","6","10","0","13","0","13","0","13",
"860Z200US14586","ZCTA5 14586","5878","548","44","42","374","134","904","278","993","257","1471","398","1045","255","785","255","50","38","130","92","0","21","42","53","40","38",
"860Z200US14588","ZCTA5 14588","0","13","0","13","0","13","0","13","0","13","0","13","0","13","0","13","0","13","0","13","0","13","0","13","0","13",
"860Z200US14589","ZCTA5 14589","3380","302","274","111","419","177","419","130","236","107","417","132","178","104","544","140","237","82","143","70","402","120","82","58","29","36",
"860Z200US14590","ZCTA5 14590","1962","256","190","66","226","90","198","65","175","80","86","39","142","72","158","81","80","36","84","48","439","106","106","57","78","41",
"860Z200US14591","ZCTA5 14591","745","145","129","80","105","54","91","43","60","21","90","39","56","26","73","44","3","4","17","14","72","31","47","19","2","3",
"860Z200US14592","ZCTA5 14592","59","52","4","7","0","13","0","13","24","23","0","13","11","17","0","13","0","13","10","15","0","13","10","16","0","13",
"860Z200US14604","ZCTA5 14604","1634","365","0","13","159","100","462","190","408","195","253","165","70","117","162","63","13","21","13","20","39","50","55","61","0","13",
"860Z200US14605","ZCTA5 14605","3187","403","119","71","284","127","668","185","664","174","289","103","109","58","414","171","168","73","38","36","158","71","219","124","57","52",
"860Z200US14606","ZCTA5 14606","11160","751","306","147","1660","308","2310","375","2543","463","2259","343","559","184","599","160","193","110","61","41","229","131","357","179","84","78",
"860Z200US14607","ZCTA5 14607","9021","832","359","130","1470","445","1672","351","2529","407","1323","318","590","209","392","162","165","126","137","70","188","97","143","86","53","55",
"860Z200US14608","ZCTA5 14608","4513","505","147","102","585","204","861","261","1027","244","554","171","238","94","541","197","6","14","116","65","212","87","104","68","122","74",
"860Z200US14609","ZCTA5 14609","18794","996","377","142","1741","339","4469","574","4718","540","3341","550","1128","248","1473","383","168","72","193","90","418","186","365","125","403","158",
"860Z200US14610","ZCTA5 14610","6263","472","169","90","815","187","1813","294","1797","326","877","226","368","112","188","97","38","30","48","43","52","37","63","50","35","40",
"860Z200US14611","ZCTA5 14611","5827","785","125","83","883","358","1292","268","1282","263","1170","490","113","79","416","125","13","18","90","84","115","67","136","95","192","85",
"860Z200US14612","ZCTA5 14612","16017","1081","259","148","1032","255","1959","415","2909","466","3658","505","2526","497","1878","418","486","233","336","129","596","191","244","111","134","111",
"860Z200US14613","ZCTA5 14613","5597","725","41","55","361","197","1397","373","1590","437","961","237","178","134","325","156","45","37","115","114","151","95","361","161","72","60",
"860Z200US14614","ZCTA5 14614","73","69","0","13","0","13","62","67","3","10","0","13","0","13","8","13","0","13","0","13","0","13","0","13","0","13",
"860Z200US14615","ZCTA5 14615","7832","878","34","34","954","345","1797","374","1680","392","1720","411","487","186","830","300","9","15","123","85","92","71","87","60","19","22",
"860Z200US14616","ZCTA5 14616","12066","840","178","84","1117","279","2232","460","2629","437","2768","388","880","268","1495","307","119","74","148","83","244","142","105","83","151","90",
"860Z200US14617","ZCTA5 14617","10303","617","172","81","868","184","1361","235","1832","287","2795","328","1295","251","1064","253","229","112","188","99","187","70","210","124","102","68",
"860Z200US14618","ZCTA5 14618","8855","563","231","86","1353","317","2526","353","2255","386","1471","330","233","111","349","124","115","64","64","42","163","79","60","44","35","28",
"860Z200US14619","ZCTA5 14619","6106","792","294","139","377","159","1871","520","1719","269","862","173","329","199","369","194","58","57","0","21","133","69","42","30","52","52",
"860Z200US14620","ZCTA5 14620","11748","807","225","105","1893","399","3079","391","2893","408","1969","369","398","162","578","186","114","89","38","44","241","99","188","99","132","86",
"860Z200US14621","ZCTA5 14621","10737","764","300","172","1212","230","1499","299","3062","466","2007","377","469","197","1130","274","83","51","255","118","219","106","221","95","280","110",
"860Z200US14622","ZCTA5 14622","5595","431","121","82","499","175","955","218","1167","218","1092","249","699","306","535","130","117","64","102","66","109","62","145","70","54","48",
"860Z200US14623","ZCTA5 14623","11254","722","429","181","2044","430","2679","538","2706","359","1856","444","442","120","587","188","164","103","34","32","118","67","149","84","46","45",
"860Z200US14624","ZCTA5 14624","18142","833","340","104","2087","305","3229","444","4016","464","4293","557","1014","329","1608","321","229","120","253","112","595","310","334","164","144","80",
"860Z200US14625","ZCTA5 14625","4504","472","100","65","244","109","853","223","1472","307","1016","223","325","106","147","85","36","33","58","53","22","25","81","73","150","147",
"860Z200US14626","ZCTA5 14626","12856","795","357","159","1834","316","2317","297","2661","407","2512","326","864","175","1454","286","173","109","141","74","158","85","254","121","131","88",
"860Z200US14627","ZCTA5 14627","791","186","65","43","233","105","259","126","102","69","78","58","14","19","8","12","4","8","21","33","0","13","7","14","0","13",
"860Z200US14642","ZCTA5 14642","0","13","0","13","0","13","0","13","0","13","0","13","0","13","0","13","0","13","0","13","0","13","0","13","0","13",
"860Z200US14701","ZCTA5 14701","15504","870","1093","279","4046","530","4092","565","2442","386","1239","242","473","263","798","141","149","135","230","96","415","171","276","103","251","107",
"860Z200US14706","ZCTA5 14706","2650","221","122","60","503","128","633","133","367","104","368","116","136","56","201","92","60","36","43","43","66","35","113","56","38","43",
"860Z200US14707","ZCTA5 14707","28","17","3","5","0","13","3","4","10","12","6","6","0","13","0","13","0","13","6","9","0","13","0","13","0","13",
"860Z200US14708","ZCTA5 14708","85","71","0","13","0","13","0","13","2","4","23","21","0","13","51","67","0","13","0","13","5","6","0","13","4","7",
"860Z200US14709","ZCTA5 14709","480","76","38","18","41","30","67","24","65","34","31","12","37","19","58","21","15","10","22","17","49","18","22","18","35","16",
"860Z200US14710","ZCTA5 14710","1246","145","17","18","169","82","186","55","207","65","328","90","124","44","38","23","24","18","19","14","30","20","36","17","68","37",
"860Z200US14711","ZCTA5 14711","773","133","59","27","85","37","82","38","108","48","92","46","57","43","131","66","27","32","17","15","61","33","29","15","25","24",
"860Z200US14712","ZCTA5 14712","1322","268","72","69","57","33","226","102","138","60","276","90","66","66","99","67","107","121","83","51","69","46","124","142","5","14",
"860Z200US14714","ZCTA5 14714","188","57","3","4","17","10","45","31","19","12","22","19","11","11","29","14","1","4","7","7","8","11","9","10","17","14",
"860Z200US14715","ZCTA5 14715","984","157","82","34","97","43","66","28","56","24","114","34","75","30","212","77","39","24","101","57","69","40","13","14","60","54",
"860Z200US14716","ZCTA5 14716","701","152","114","54","95","58","109","62","169","61","101","49","28","22","34","23","0","13","0","13","8","12","21","18","22","18",
"860Z200US14717","ZCTA5 14717","182","47","3","4","25","16","44","25","22","14","9","9","7","9","21","18","9","9","16","10","10","8","14","14","2","3",
"860Z200US14718","ZCTA5 14718","783","137","29","14","65","36","127","56","127","49","101","34","80","49","126","50","34","28","0","13","18","11","45","31","31","22",
"860Z200US14719","ZCTA5 14719","1361","172","76","30","164","64","63","28","109","40","190","82","67","29","101","41","15","13","32","18","329","85","172","57","43","19",
"860Z200US14720","ZCTA5 14720","262","93","29","27","25","19","40","22","131","72","5","9","24","26","5","7","0","13","0","13","0","13","0","13","3","5",
"860Z200US14721","ZCTA5 14721","66","40","0","13","10","16","0","13","0","13","13","12","24","20","8","8","9","10","2","4","0","13","0","13","0","13",
"860Z200US14722","ZCTA5 14722","31","39","0","13","14","29","0","13","0","13","9","13","0","13","0","13","0","13","0","13","8","13","0","13","0","13",
"860Z200US14723","ZCTA5 14723","458","87","19","14","49","30","35","19","19","15","33","18","64","26","118","45","36","27","33","22","31","21","17","24","4","6",
"860Z200US14724","ZCTA5 14724","1179","178","202","86","194","76","105","46","150","58","115","36","46","24","104","31","56","30","38","18","113","43","30","20","26","14",
"860Z200US14726","ZCTA5 14726","654","121","59","34","50","31","120","58","47","21","51","28","32","18","114","46","16","12","45","35","94","40","16","10","10","10",
"860Z200US14727","ZCTA5 14727","2029","173","253","90","342","114","155","54","185","55","394","94","163","58","160","56","104","46","67","34","114","48","40","33","52","34",
"860Z200US14728","ZCTA5 14728","492","146","82","57","77","53","86","49","84","55","48","31","21","32","55","38","0","13","0","13","39","38","0","13","0","13",
"860Z200US14729","ZCTA5 14729","363","97","20","22","6","6","39","29","58","30","61","44","0","13","40","24","9","9","7","7","84","37","27","28","12","19",
"860Z200US14731","ZCTA5 14731","511","112","58","35","125","53","79","40","89","53","29","24","31","27","22","22","10","12","0","13","17","17","45","30","6","6",
"860Z200US14732","ZCTA5 14732","3","5","0","13","0","13","0","13","3","5","0","13","0","13","0","13","0","13","0","13","0","13","0","13","0","13",
"860Z200US14733","ZCTA5 14733","1415","196","86","46","306","101","342","107","244","88","272","90","32","23","69","36","15","14","12","10","23","17","5","8","9","15",
"860Z200US14735","ZCTA5 14735","938","162","96","80","70","24","131","55","54","21","75","33","50","22","132","48","24","16","21","21","117","72","108","34","60","28",
"860Z200US14736","ZCTA5 14736","62","54","10","15","3","5","2","4","0","13","6","7","3","5","32","37","3","5","3","5","0","13","0","13","0","13",
"860Z200US14737","ZCTA5 14737","1454","140","131","66","155","55","103","34","89","30","186","57","147","58","214","52","52","27","39","26","109","42","192","90","37","17",
"860Z200US14738","ZCTA5 14738","1533","291","142","107","161","94","210","132","423","137","215","82","233","102","71","48","10","12","15","21","33","28","18","25","2","3",
"860Z200US14739","ZCTA5 14739","987","164","59","43","103","49","72","35","110","47","153","77","110","47","152","52","12","11","76","55","95","38","35","26","10","12",
"860Z200US14740","ZCTA5 14740","360","82","3","4","25","11","17","18","68","38","86","33","20","16","57","26","22","17","42","33","12","14","5","7","3","6",
"860Z200US14741","ZCTA5 14741","877","155","29","23","76","45","196","71","134","60","106","37","57","24","129","47","54","39","43","29","40","23","11","13","2","3",
"860Z200US14742","ZCTA5 14742","23","35","0","13","0","13","0","13","0","13","23","35","0","13","0","13","0","13","0","13","0","13","0","13","0","13",
"860Z200US14743","ZCTA5 14743","811","176","10","10","38","28","101","52","214","70","227","116","30","25","113","65","2","5","11","10","42","26","16","15","7","8",
"860Z200US14744","ZCTA5 14744","790","181","195","62","241","90","115","56","16","18","30","16","52","46","44","25","14","9","15","12","48","24","17","15","3","4",
"860Z200US14747","ZCTA5 14747","820","139","0","13","57","31","140","64","220","49","124","45","40","26","109","55","11","10","38","21","55","35","9","14","17","15",
"860Z200US14748","ZCTA5 14748","192","58","2","4","21","16","36","21","31","20","58","27","16","12","5","7","0","13","0","13","19","16","0","13","4","6",
"860Z200US14750","ZCTA5 14750","1828","197","85","56","257","85","420","101","557","116","242","86","27","28","91","44","13","22","25","26","32","45","44","35","35","40",
"860Z200US14752","ZCTA5 14752","18","19","8","12","0","13","10","15","0","13","0","13","0","13","0","13","0","13","0","13","0","13","0","13","0","13",
"860Z200US14753","ZCTA5 14753","413","100","28","24","5","10","82","49","75","32","114","45","18","14","36","24","4","6","19","14","13","19","0","13","19","23",
"860Z200US14754","ZCTA5 14754","223","61","0","13","8","8","42","28","17","10","3","5","23","21","77","32","4","5","10","10","21","14","13","13","5","6",
"860Z200US14755","ZCTA5 14755","1091","123","65","23","103","36","150","47","191","54","144","38","61","29","88","36","52","27","32","15","115","57","62","33","28","18",
"860Z200US14756","ZCTA5 14756","0","13","0","13","0","13","0","13","0","13","0","13","0","13","0","13","0","13","0","13","0","13","0","13","0","13",
"860Z200US14757","ZCTA5 14757","1099","174","123","47","189","92","84","44","192","79","65","36","113","102","178","58","36","23","22","20","52","33","30","24","15","18",
"860Z200US14760","ZCTA5 14760","7270","423","727","209","2127","354","1767","226","606","199","447","143","277","130","485","174","136","112","132","72","119","65","300","148","147","99",
"860Z200US14767","ZCTA5 14767","888","168","48","24","91","36","65","21","51","26","175","63","58","30","248","127","36","23","23","17","35","18","10","11","48","26",
"860Z200US14769","ZCTA5 14769","337","125","15","17","55","33","39","42","89","61","54","36","18","21","24","23","29","42","0","13","14","21","0","13","0","13",
"860Z200US14770","ZCTA5 14770","1141","184","124","64","152","59","88","39","157","69","312","88","18","12","142","101","27","18","31","20","21","19","30","24","39","22",
"860Z200US14772","ZCTA5 14772","1522","173","109","37","145","50","195","68","117","44","304","78","114","44","174","56","27","20","59","43","166","85","59","34","53","37",
"860Z200US14774","ZCTA5 14774","69","44","25","23","9","12","2","3","0","13","2","3","0","13","0","13","20","23","2","3","0","13","0","13","9","10",
"860Z200US14775","ZCTA5 14775","1076","234","64","36","107","36","182","53","165","63","153","105","79","52","80","37","29","22","55","32","143","89","4","7","15","14",
"860Z200US14777","ZCTA5 14777","199","63","3","5","20","13","25","22","7","9","45","27","27","16","16","13","14","11","16","10","17","13","3","4","6","9",
"860Z200US14778","ZCTA5 14778","280","94","70","45","141","70","7","12","0","13","0","13","26","29","36","30","0","13","0","13","0","13","0","13","0","13",
"860Z200US14779","ZCTA5 14779","2589","141","294","59","817","105","356","67","198","40","249","50","193","51","224","55","52","27","15","12","70","29","98","37","23","16",
"860Z200US14781","ZCTA5 14781","668","137","118","48","34","17","62","36","91","36","139","53","27","13","77","39","15","10","35","26","46","27","17","16","7","7",
"860Z200US14782","ZCTA5 14782","932","183","46","26","70","29","49","22","80","31","203","69","121","46","313","167","20","12","11","12","0","13","12","9","7","7",
"860Z200US14783","ZCTA5 14783","54","36","0","13","18","14","1","4","0","13","10","11","0","13","21","25","0","13","0","13","0","13","4","6","0","13",
"860Z200US14784","ZCTA5 14784","339","109","22","20","50","37","73","56","57","26","53","38","21","24","30","19","9","11","9","14","9","14","6","10","0","13",
"860Z200US14785","ZCTA5 14785","65","70","0","13","19","31","46","48","0","13","0","13","0","13","0","13","0","13","0","13","0","13","0","13","0","13",
"860Z200US14787","ZCTA5 14787","1783","288","261","168","351","177","224","103","114","93","216","118","193","123","219","120","78","61","34","37","61","42","32","36","0","13",
"860Z200US14788","ZCTA5 14788","10","14","0","13","0","13","10","14","0","13","0","13","0","13","0","13","0","13","0","13","0","13","0","13","0","13",
"860Z200US14801","ZCTA5 14801","2009","236","132","46","224","75","128","50","281","92","254","56","198","78","262","61","55","28","134","68","241","65","66","29","34","19",
"860Z200US14802","ZCTA5 14802","1214","155","134","60","383","109","404","112","72","46","66","31","69","47","13","28","15","12","8","13","4","8","33","30","13","12",
"860Z200US14803","ZCTA5 14803","594","102","47","34","170","63","90","55","60","33","50","23","44","37","55","34","12","12","6","8","28","19","4","4","28","24",
"860Z200US14804","ZCTA5 14804","664","105","28","20","89","26","168","44","75","26","88","34","25","13","85","38","25","16","19","17","8","9","40","28","14","8",
"860Z200US14805","ZCTA5 14805","322","109","6","8","6","5","34","35","34","35","37","22","19","22","75","39","25","25","42","26","44","38","0","13","0","13",
"860Z200US14806","ZCTA5 14806","780","163","58","33","63","37","97","36","232","84","76","34","30","17","95","48","4","6","9","8","57","30","47","34","12","9",
"860Z200US14807","ZCTA5 14807","1362","159","87","35","222","61","313","117","179","52","134","41","25","14","80","35","52","29","33","21","106","43","81","34","50","22",
"860Z200US14808","ZCTA5 14808","199","87","26","19","14","17","9","11","31","31","13","11","19","19","5","6","5","7","3","9","17","18","57","43","0","13",
"860Z200US14809","ZCTA5 14809","1248","251","115","58","151","92","105","38","173","50","91","36","105","45","154","49","38","30","49","26","112","39","133","86","22","18",
"860Z200US14810","ZCTA5 14810","3909","375","254","121","733","146","555","148","371","125","531","157","265","124","536","135","142","63","129","60","225","88","126","85","42","31",
"860Z200US14812","ZCTA5 14812","1529","223","3","7","113","51","119","47","305","93","376","94","130","59","228","81","35","24","21","17","166","56","8","8","25","25",
"860Z200US14813","ZCTA5 14813","790","121","83","42","87","37","97","32","107","45","127","39","33","16","77","42","27","16","66","40","20","21","45","28","21","15",
"860Z200US14814","ZCTA5 14814","646","189","28","40","51","50","124","89","121","72","216","109","50","35","0","13","0","13","0","13","56","84","0","13","0","13",
"860Z200US14815","ZCTA5 14815","276","61","18","14","13","12","16","12","23","13","51","23","27","13","49","22","16","13","4","8","25","15","20","13","14","16",
"860Z200US14816","ZCTA5 14816","186","93","0","13","13","23","28","39","39","36","33","38","16","26","14","24","0","13","11","17","3","4","29","42","0","13",
"860Z200US14817","ZCTA5 14817","1423","241","54","58","68","66","124","101","254","111","399","131","167","75","187","85","35","43","25","31","85","61","25","35","0","13",
"860Z200US14818","ZCTA5 14818","927","225","32","33","36","26","121","69","177","93","11","15","38","43","111","81","84","89","27","24","114","116","63","79","113","94",
"860Z200US14819","ZCTA5 14819","211","66","2","3","7","9","14","10","18","17","82","49","15","11","13","9","0","13","19","14","20","13","3","5","18","27",
"860Z200US14820","ZCTA5 14820","272","61","3","4","0","13","20","18","31","16","59","26","7","9","58","21","0","13","11","8","45","24","26","17","12","9",
"860Z200US14821","ZCTA5 14821","1352","200","44","38","135","63","235","74","386","112","185","67","91","55","77","33","18","13","33","24","111","62","37","35","0","13",
"860Z200US14822","ZCTA5 14822","300","57","26","15","18","11","38","20","31","19","19","11","9","8","50","26","7","9","13","12","18","9","62","22","9","6",
"860Z200US14823","ZCTA5 14823","1376","166","84","38","176","76","203","81","176","63","204","122","90","40","150","55","39","33","35","35","81","49","95","44","43","26",
"860Z200US14824","ZCTA5 14824","309","102","18","18","14","13","9","11","59","46","59","38","43","28","49","27","9","11","32","28","0","13","13","10","4","5",
"860Z200US14825","ZCTA5 14825","324","103","0","13","12","17","67","45","95","45","78","34","26","22","0","13","7","11","0","13","12","16","11","17","16","21",
"860Z200US14826","ZCTA5 14826","792","119","33","21","99","43","105","48","92","36","177","61","16","14","54","23","31","30","45","23","88","32","41","24","11","11",
"860Z200US14827","ZCTA5 14827","16","23","0","13","0","13","16","23","0","13","0","13","0","13","0","13","0","13","0","13","0","13","0","13","0","13",
"860Z200US14830","ZCTA5 14830","8816","465","385","129","1729","294","2132","314","1479","249","1175","246","503","138","823","196","37","30","89","49","189","69","192","82","83","48",
"860Z200US14836","ZCTA5 14836","390","118","0","13","55","43","31","28","21","17","22","17","13","12","27","21","4","5","19","19","55","35","127","92","16","15",
"860Z200US14837","ZCTA5 14837","1963","201","176","46","318","103","227","74","287","101","291","80","105","47","148","53","43","21","67","32","178","57","101","49","22","15",
"860Z200US14838","ZCTA5 14838","842","131","3","4","30","29","34","22","55","25","350","88","56","23","116","44","24","18","25","28","90","43","31","19","28","16",
"860Z200US14839","ZCTA5 14839","266","91","38","44","22","14","17","13","6","5","26","14","39","25","60","41","19","16","16","11","19","12","2","3","2","3",
"860Z200US14840","ZCTA5 14840","981","115","99","41","113","43","92","38","111","44","151","50","77","32","78","33","33","20","36","26","102","35","70","35","19","11",
"860Z200US14841","ZCTA5 14841","292","126","25","28","0","13","21","25","119","83","23","35","0","13","18","29","0","13","28","26","12","15","0","13","46","64",
"860Z200US14842","ZCTA5 14842","341","151","28","25","0","13","90","86","133","81","45","42","0","13","0","13","0","13","0","13","24","35","21","24","0","13",
"860Z200US14843","ZCTA5 14843","5092","340","465","171","1228","209","657","141","822","170","353","92","131","62","474","109","129","51","111","69","259","102","384","113","79","39",
"860Z200US14845","ZCTA5 14845","8707","529","370","166","1735","279","1956","322","1628","349","1162","218","477","117","692","177","49","39","99","62","217","98","155","69","167","95",
"860Z200US14846","ZCTA5 14846","396","135","20","14","0","13","45","30","23","13","46","29","15","19","99","69","22","14","51","64","18","12","48","29","9","7",
"860Z200US14847","ZCTA5 14847","946","143","42","25","80","38","188","68","121","42","79","41","49","32","202","53","55","25","13","13","85","52","29","16","3","6",
"860Z200US14850","ZCTA5 14850","24979","1129","661","231","3645","478","6040","555","5809","680","3289","504","1282","342","1832","392","383","118","340","152","756","209","552","233","390","206",
"860Z200US14853","ZCTA5 14853","519","181","20","21","161","88","127","76","43","40","124","121","19","23","17","18","0","13","0","13","8","16","0","13","0","13",
"860Z200US14854","ZCTA5 14854","9","14","0","13","0","13","9","14","0","13","0","13","0","13","0","13","0","13","0","13","0","13","0","13","0","13",
"860Z200US14855","ZCTA5 14855","279","68","25","15","13","9","51","30","15","10","30","19","24","18","39","17","18","15","4","5","44","29","5","8","11","9",
"860Z200US14856","ZCTA5 14856","0","13","0","13","0","13","0","13","0","13","0","13","0","13","0","13","0","13","0","13","0","13","0","13","0","13",
"860Z200US14858","ZCTA5 14858","593","123","0","13","3","4","55","22","84","41","149","42","137","63","40","22","39","26","20","19","9","8","25","19","32","18",
"860Z200US14859","ZCTA5 14859","539","182","7","11","3","4","31","30","94","60","146","99","44","29","56","26","7","7","22","21","92","73","34","31","3","4",
"860Z200US14860","ZCTA5 14860","421","149","16","12","49","19","47","22","20","14","42","17","7","9","163","139","22","20","8","8","29","12","10","8","8","8",
"860Z200US14861","ZCTA5 14861","379","86","16","13","8","13","39","33","132","60","118","46","7","7","39","24","2","3","0","13","12","13","0","13","6","6",
"860Z200US14864","ZCTA5 14864","498","158","0","13","10","8","105","61","86","54","141","56","85","66","46","42","2","3","12","15","11","11","0","13","0","13",
"860Z200US14865","ZCTA5 14865","880","168","136","92","116","41","186","83","16","12","104","52","63","34","111","38","13","7","70","39","63","33","2","4","0","13",
"860Z200US14867","ZCTA5 14867","2398","335","0","19","89","61","207","108","559","178","698","218","345","181","219","132","0","19","117","93","15","20","33","38","116","78",
"860Z200US14869","ZCTA5 14869","659","147","35","27","97","60","56","26","59","34","57","39","118","77","91","40","23","16","16","13","22","17","12","12","73","75",
"860Z200US14870","ZCTA5 14870","4389","312","26","21","1386","272","1290","234","484","124","412","116","207","105","223","109","40","31","54","63","83","60","51","44","133","69",
"860Z200US14871","ZCTA5 14871","1931","347","164","157","131","78","146","102","560","212","281","125","320","108","111","66","31","25","0","13","58","53","68","70","61","71",
"860Z200US14872","ZCTA5 14872","176","86","6","9","32","30","0","13","45","38","5","9","29","29","48","61","4","7","0","13","7","12","0","13","0","13",
"860Z200US14873","ZCTA5 14873","739","127","48","33","79","32","73","31","109","50","66","34","68","37","64","31","57","50","49","34","93","39","27","18","6","8",
"860Z200US14874","ZCTA5 14874","60","40","0","13","3","4","0","13","22","32","0","13","0","13","11","11","6","9","0","13","11","12","4","5","3","5",
"860Z200US14877","ZCTA5 14877","270","94","28","20","17","8","40","32","1","3","44","35","21","17","66","37","3","4","7","9","27","15","14","10","2","6",
"860Z200US14878","ZCTA5 14878","263","60","7","10","4","6","35","19","27","17","32","23","17","15","32","36","35","27","7","10","53","45","10","9","4","5",
"860Z200US14879","ZCTA5 14879","932","160","71","44","35","20","56","34","123","50","227","85","109","60","116","48","46","36","20","21","71","48","31","24","27","19",
"860Z200US14880","ZCTA5 14880","588","127","21","13","80","38","167","55","114","48","76","32","19","17","18","13","17","18","25","20","27","18","10","9","14","12",
"860Z200US14881","ZCTA5 14881","128","104","0","13","18","28","42","50","38","45","23","28","0","13","0","13","0","13","0","13","7","11","0","13","0","13",
"860Z200US14882","ZCTA5 14882","1644","367","0","13","150","80","127","76","270","209","424","153","233","143","308","170","0","13","32","49","15","25","26","39","59","69",
"860Z200US14883","ZCTA5 14883","2065","309","103","65","103","64","152","92","94","56","310","139","171","75","545","137","137","66","183","100","246","167","21","24","0","13",
"860Z200US14884","ZCTA5 14884","107","28","0","13","5","7","6","6","15","10","18","12","0","13","6","7","10","10","0","13","16","11","30","21","1","2",
"860Z200US14885","ZCTA5 14885","190","56","14","12","14","12","45","36","7","6","15","11","8","7","20","16","5","7","25","20","16","9","13","10","8","12",
"860Z200US14886","ZCTA5 14886","2693","396","145","113","270","145","167","67","363","90","439","123","289","110","445","123","152","136","100","57","250","127","31","36","42","28",
"860Z200US14889","ZCTA5 14889","504","81","2","3","28","15","19","13","22","13","38","21","31","19","157","62","40","19","30","13","86","38","37","26","14","14",
"860Z200US14891","ZCTA5 14891","1753","199","219","85","298","93","239","86","251","90","91","51","152","115","108","42","99","51","92","38","172","51","27","27","5","6",
"860Z200US14892","ZCTA5 14892","3391","340","241","125","917","224","489","145","457","203","379","121","247","113","274","99","45","42","35","33","155","74","111","60","41","30",
"860Z200US14893","ZCTA5 14893","13","17","0","13","0","13","7","9","0","13","0","13","0","13","6","9","0","13","0","13","0","13","0","13","0","13",
"860Z200US14894","ZCTA5 14894","494","95","2","3","21","15","91","44","157","52","81","31","12","18","58","37","36","25","0","13","19","19","7","7","10","14",
"860Z200US14895","ZCTA5 14895","3754","289","186","64","1286","276","558","165","510","168","318","83","197","70","283","166","42","26","78","45","166","65","97","60","33","22",
"860Z200US14897","ZCTA5 14897","311","78","28","26","35","25","49","29","4","6","68","37","30","18","44","28","6","9","10","10","5","6","19","15","13","15",
"860Z200US14898","ZCTA5 14898","582","123","18","10","20","25","37","19","18","12","82","49","39","25","144","43","39","23","49","22","102","43","24","13","10","8",
"860Z200US14901","ZCTA5 14901","4439","438","428","136","964","232","720","155","832","216","636","159","131","79","123","74","58","40","67","58","112","69","202","128","166","105",
"860Z200US14903","ZCTA5 14903","3064","398","240","112","821","163","745","189","379","119","280","117","84","53","140","75","21","35","22","24","108","86","142","80","82","60",
"860Z200US14904","ZCTA5 14904","6140","488","263","114","910","246","1495","308","1130","287","941","229","305","128","470","211","23","28","20","32","255","123","247","119","81","59",
"860Z200US14905","ZCTA5 14905","4125","509","365","156","623","164","880","278","1079","298","400","144","185","125","235","115","18","21","49","43","175","103","18","20","98","84",
